product_id,generic_product,product,price,num_of_ratings,avg_rating,image
B08N2FRMPN,Smartphone,"Samsung Electronics Samsung Galaxy S21 5G | Factory Unlocked Android Cell Phone | US Version 5G Smartphone | Pro-Grade Camera, 8K Video, 64MP High Res | 128GB, Phantom Gray (SM-G991UZAAXAA)",$799.99 ,110,4.4,https://images-na.ssl-images-amazon.com/images/I/61m1Dot5KCL._AC_SY355_.jpg
B08P4PBSK2,Smartphone,"Xiaomi POCO M3 Smartphone, 4 GB + 64 GB, 6.53 Pollici FHD + Ampio 1080P FHD + Display 52 MP, Tripla Fotocamera, 6000 mAh Batteria, Doppi Altoparlanti, Jack per Cuffie da 3.5 mm, Giallo",$162.48 ,248,4.3,https://images-na.ssl-images-amazon.com/images/I/61gQhjBgwBL._AC_SX522_.jpg
B08MWRCZL8,Smartphone,"Nokia 3.4 Unlocked Android Smartphone with 3/64 GB Memory, 6.39-Inch HD+ Screen, Triple Camera, and 2-Day Battery, Charcoal (AT&T/T-Mobile/Cricket/Tracfone/Simple Mobile/Mint/Ultra Mobile)",$149.00 ,40,3.8,https://images-na.ssl-images-amazon.com/images/I/61hB7i2DHFL._AC_SX522_.jpg
B087LY84RT,Smartphone,"TCL 10L, Unlocked Android Smartphone with 6.53"" FHD + LCD Display, 48MP Quad Rear Camera System, 64GB+6GB RAM, 4000mAh Battery - Arctic White",$174.99 ,"1,873",4.4,https://images-na.ssl-images-amazon.com/images/I/41QoqFsJbpL._AC_.jpg
B07SSCJHT1,Smartphone,"BLU Studio Mini -5.5HD Smartphone, 32GB+2GB Ram -Black",$69.99 ,"2,856",4,https://images-na.ssl-images-amazon.com/images/I/A1gUduSRYZL._AC_SY355_.jpg
B08NXMCW44,Smartphone,"Intelligent Mobile Phone,6.7IN 1440X3040 Fingerprint Unlock Dual Cards Dual Standby Smartphone,Face Unlock100‚Äë240V 8+256GB(us Plug)",-1,-1,-1,https://images-na.ssl-images-amazon.com/images/I/611gb8jiI6L._AC_SY355_.jpg
B088NKZT13,Smartphone,(Free $20 Airtime Activation Promotion) TracFone Samsung Galaxy A01 4G LTE Prepaid Smartphone - Black - 16GB - Sim Card Included -CDMA,-1,"1,458",4.5,https://images-na.ssl-images-amazon.com/images/I/61ff%2BrZThyL._AC_SY550_.jpg
B08H8VZ6PV,Smartphone,Google Pixel 4a with 5G - Android Phone - New Unlocked Smartphone with Night Sight and Ultrawide Lens - Just Black,-1,"1,159",4.7,https://images-na.ssl-images-amazon.com/images/I/71C0OH4WfpL._AC_SX522_.jpg
B08R6GQKDR,Smartphone,"LG G8 ThinQ LMG820TM (128GB, 6GB RAM) 6.1"" 4G LTE Android Smartphone (Aurora Black, GSM Unlocked)",$349.00 ,219,4.3,https://images-na.ssl-images-amazon.com/images/I/61FDmTGuptL._AC_SX679_.jpg
B08BS55YDC,Smartphone,"Samsung Galaxy A01 (A015M) 32GB, Dual SIM, GSM Unlocked, 5.7‚Äù Display Smartphone - International Version - Black",$132.99 ,257,4.3,https://images-na.ssl-images-amazon.com/images/I/71HaAtf1kYL._AC_SX425_.jpg
B08M9R34QJ,Smartphone,Motorola Moto G9 Power Dual-SIM 128GB ROM + 4GB RAM (GSM Only | No CDMA) Factory Unlocked Android Smartphone (Electric Violet) - International Version,$228.62 ,8,4.7,https://images-na.ssl-images-amazon.com/images/I/81yFtoIcL2L._AC_SY355_.jpg
B08JRF9L15,Smartphone,"Nokia 2.4 Android 10 Unlocked Smartphone with 2/32 GB Memory, 6.5-Inch HD+ Screen, 2-Day Battery Life, Fingerprint Sensor and Google Assistant, Charcoal (AT&T/T-Mobile/Cricket/Tracfone/Simple Mobile)",$139.99 ,267,3.9,https://images-na.ssl-images-amazon.com/images/I/61sLvszoETL._AC_SX522_.jpg
B08SC6XVNQ,Smartphone,"Samsung Galaxy A12 (A125M) 64GB Dual SIM, GSM Unlocked, (CDMA Verizon/Sprint Not Supported) Smartphone Latin American Version No Warranty (Black)",$175.05 ,51,4.1,https://images-na.ssl-images-amazon.com/images/I/81t8kQP6OQL._AC_SX522_.jpg
B08FYTSXGQ,Smartphone,"Samsung Galaxy S20 FE 5G | Factory Unlocked Android Cell Phone | 128 GB | US Version Smartphone | Pro-Grade Camera, 30X Space Zoom, Night Mode | Cloud Navy",-1,"3,856",4.6,https://images-na.ssl-images-amazon.com/images/I/71RxOftVoQL._AC_SX569_.jpg
B08JQQHQXW,Smartphone,Motorola Moto E7 Plus XT2081-1 64GB Dual Sim GSM Unlocked Android Smartphone - Misty Blue,$164.99 ,192,4.3,https://images-na.ssl-images-amazon.com/images/I/61OX2lAjswL._AC_SX522_.jpg
B07XQHM1CV,Smartphone,"Samsung Galaxy A10s A107M - 32GB, 6.2"" HD+ Infinity-V Display, 13MP+2MP Dual Rear +8MP Front Cameras, GSM Unlocked Smartphone - Blue",$137.20 ,"8,062",4.3,https://images-na.ssl-images-amazon.com/images/I/51ME-ADMjRL._AC_SX522_.jpg
B08KNXXG2V,Smartphone,"Unlocked Cell Phones 5G WiFi 8 Core, Global 4G LTE, Unlocked Smartphone 6.5"" FHD Full Screen 2K, 6GB RAM+64GB ROM Android 10 Cell Phone, 16MP, Fingerprint Face Detection GPS, International Version",$140.99 ,22,3.5,https://images-na.ssl-images-amazon.com/images/I/71ME5kkStjL._AC_SX522_.jpg
B08JRF9L15,Smartphone,"Nokia 2.4 Android 10 Unlocked Smartphone with 2/32 GB Memory, 6.5-Inch HD+ Screen, 2-Day Battery Life, Fingerprint Sensor and Google Assistant, Charcoal (AT&T/T-Mobile/Cricket/Tracfone/Simple Mobile)",$139.99 ,267,3.9,https://images-na.ssl-images-amazon.com/images/I/61sLvszoETL._AC_SX522_.jpg
B088HJ2KKR,Smartphone,"Xiaomi Redmi Note 9 4GB RAM + 128GB, 48MP Quad Camera Hotshot, 5020mah Battery, 6.53 ‚ÄùFHD +, LTE Factory Unlocked Smartphone - International Version (Polar White)",$194.50 ,"1,981",4.5,https://images-na.ssl-images-amazon.com/images/I/51utyH6VOiL._AC_SX522_.jpg
B08Z368RMZ,Smartphone,"Unlocked Rugged Cell Phone, OUKITEL WP10 5G Smartphone,8000mAh 8+128GB Battery Andriod Mobile Phones,48MP Sony Camera IP68 Waterproof 6.67 Inch FHD+ Global Dual Sim NFC GPS Face Fingerprint ID(Black)",$569.99 ,-1,-1,https://images-na.ssl-images-amazon.com/images/I/41sFvg9GrEL._AC_.jpg
B08L9MY937,Smartphone,Samsung - Galaxy A71 A716U 5G Fully Unlocked 128GB - Prism Cube Black (Renewed),$399.94 ,221,4.4,https://images-na.ssl-images-amazon.com/images/I/61B8AZrmgjL._AC_SY450_.jpg
B08JQ4L1LS,Smartphone,"OUKITEL WP5 Pro (2021) Rugged Smartphone, 8000mAh Battery 4GB +64GB Android 10 Unlocked Cell Phones IP68 Waterproof,Global Version Face ID Fingerprint ,black",$169.99 ,156,4.1,https://images-na.ssl-images-amazon.com/images/I/71MXEeb%2BzkL._AC_SY550_.jpg
B08MWRCZL8,Smartphone,"Nokia 3.4 Unlocked Android Smartphone with 3/64 GB Memory, 6.39-Inch HD+ Screen, Triple Camera, and 2-Day Battery, Charcoal (AT&T/T-Mobile/Cricket/Tracfone/Simple Mobile/Mint/Ultra Mobile)",$149.00 ,40,3.8,https://images-na.ssl-images-amazon.com/images/I/61hB7i2DHFL._AC_SX522_.jpg
B08H5SZKC9,Smartphone,T-Mobile REVVLRY+ Plus 64GB Moto XT1965-T T-Mobile Smartphone (Renewed),$111.99 ,38,4.3,https://images-na.ssl-images-amazon.com/images/I/4110C%2BAx6zL._AC_.jpg
B08NWDMR9N,Smartphone,Moto G Power | 2021 | 3-Day Battery | Unlocked | Made for US by Motorola | 3/32GB | 48MP Camera | Silver,$189.99 ,"7,993",4.6,https://images-na.ssl-images-amazon.com/images/I/61jKxwxAZFL._AC_SX522_.jpg
B08GL2HKLT,Smartphone,Moto G7 Plus | Unlocked | Made for US by Motorola | 4/64GB | 16MP Camera | 2019 | Black,$119.99 ,627,4.5,https://images-na.ssl-images-amazon.com/images/I/81N4XZjeBvL._AC_SY355_.jpg
B08B9SGGRS,Smartphone,Motorola Edge | Unlocked | Made for US by Motorola | 6/256GB | 64MP Camera | 2020 | Solor Black,$490.21 ,983,4,https://images-na.ssl-images-amazon.com/images/I/61aWtezBYlL._AC_SY355_.jpg
B08PKJK6XP,Smartphone,"Unlocked Smartphones, Blackview A80 Android 10 Smartphone, 6.21 inch HD + Screen, Four Rear Cameras, 2GB + 16GB, 4200 mAh Battery, 8.8 mm Smooth & Slim Design, Dual SIM Unlocked Cell Phone GPS Black",$109.99 ,30,3.8,https://images-na.ssl-images-amazon.com/images/I/61oZ5agP-XL._AC_SX522_.jpg
B084CVPLLC,Smartphone,Moto G Stylus | 2020 | Unlocked | Made for US by Motorola | 4/128GB | 48MP Camera | Indigo,$199.99 ,"4,221",4.5,https://images-na.ssl-images-amazon.com/images/I/71Swc5WsxrL._AC_SY355_.jpg
B088NKZT13,Smartphone,(Free $20 Airtime Activation Promotion) TracFone Samsung Galaxy A01 4G LTE Prepaid Smartphone - Black - 16GB - Sim Card Included -CDMA,-1,"1,458",4.5,https://images-na.ssl-images-amazon.com/images/I/61ff%2BrZThyL._AC_SY550_.jpg
B08C6XBCRT,Smartphone,BLU G90 Pro | 2021 | 3-Day Battery | Unlocked | US Version | US Warranty| 4/128GB | 48MP Camera | Purple Haze,$199.99 ,"1,304",4.5,https://images-na.ssl-images-amazon.com/images/I/81cwIdlEXwL._AC_SY355_.jpg
B086H4C8CX,Smartphone,Moto G Fast | 2020 | Unlocked | Made for US by Motorola | 3/32GB | 16MP Camera | White,$194.00 ,"2,362",4.6,https://images-na.ssl-images-amazon.com/images/I/81O2fXSlHCL._AC_SY355_.jpg
B08DHFX4FV,Television,"TCL 50-inch Class 4-Series 4K UHD Smart Roku LED TV - 50S435, 2021 Model",-1,"5,212",4.7,https://images-na.ssl-images-amazon.com/images/I/714hn7q7WxL._AC_SX355_.jpg
B088S3V3R4,Television,"TCL 32-inch 3-Series 720p Roku Smart TV - 32S335, 2021 Model",$148.00 ,"48,968",4.6,https://images-na.ssl-images-amazon.com/images/I/61ficuy07aL._AC_SY355_.jpg
B085LRHL3P,Television,Hisense 40-Inch 40H5500F Class H55 Series Android Smart TV with Voice Remote (2020 Model),$231.73 ,"4,153",4.3,https://images-na.ssl-images-amazon.com/images/I/61lJa-K8CqL._AC_SY355_.jpg
B08BCBJP71,Television,"VIZIO 40-Inch V-Series 4K UHD LED HDR Smart TV with Apple AirPlay and Chromecast Built-in, Dolby Vision, HDR10+, HDMI 2.1, Auto Game Mode and Low Latency Gaming",$305.47 ,652,4.3,https://images-na.ssl-images-amazon.com/images/I/81NCnG8UvYL._AC_SY355_.jpg
B07YXH57B8,Television,SAMSUNG 40 inches LED Smart FHD TV 1080P (2019 Model),-1,168,4.6,https://images-na.ssl-images-amazon.com/images/I/71Ao8Im97TL._AC_SY355_.jpg
B07CL4GLQW,Television,"Samsung Electronics UN32N5300AFXZA 32"" 1080p Smart LED TV (2018), Black",-1,"2,655",4.6,https://images-na.ssl-images-amazon.com/images/I/91UsHjAPTlL._AC_SX355_.jpg
B086XL48ZF,Television,LG Electronics 24LM530S-PU 24-Inch HD webOS 3.5 Smart TV,$148.00 ,915,4.5,https://images-na.ssl-images-amazon.com/images/I/91zmQQ6C09L._AC_SY355_.jpg
B08FSKX4M7,Television,"VIZIO 40"" Class V-Series 4K HDR Smart TV - V405-H (Renewed)",$239.99 ,135,4.3,https://images-na.ssl-images-amazon.com/images/I/41tzYgaiJXL._AC_SY355_.jpg
B07JVQY8W1,Television,"VIZIO 24-Inch D-Series LED HDTV¬† with Apple AirPlay and Chromecast Built in Screen Mirroring for Second Screens, & 150+ Free Streaming Channels (D24h-G9)",-1,232,4.4,https://images-na.ssl-images-amazon.com/images/I/81hxjH73qNL._AC_SY355_.jpg
B07Y5Q69JS,Television,"Vizio D-Series 24inch HD (720P) Smart LED TV, Smartcast + Chromecast Included - D24H-G9 (Renewed)",$129.90 ,515,4.3,https://images-na.ssl-images-amazon.com/images/I/51dWnINQ0FL._AC_SY355_.jpg
B08TV674C8,Television,"VIZIO 50-Inch M-Series Quantum 4K UHD LED HDR Smart TV with Apple AirPlay and Chromecast built-in, Dolby Vision, HDR10+, HDMI 2.1, Variable Refresh Rate & AMD FreeSync Gaming",-1,42,4.6,https://images-na.ssl-images-amazon.com/images/I/81l7F85GBYL._AC_SY355_.jpg
B084BNBLQS,Television,"Hisense 32-Inch Class H4 Series LED Roku Smart TV with Alexa Compatibility (32H4F, 2020 Model)",-1,"6,188",4.6,https://images-na.ssl-images-amazon.com/images/I/71gzlKauNQL._AC_SY355_.jpg
B082QVSXQM,Television,"Vizio D32F-G D-Series 32"" Class 1080p LED LCD Smart Full-Array LED LCD TV (2019 Model) (Renewed)",$174.99 ,"1,264",4.2,https://images-na.ssl-images-amazon.com/images/I/71EDcJ5oK4L._AC_SX355_.jpg
B088C4J8W7,Television,"Sansui 24-Inch 720p HD LED Smart TV (S24P28DN) with Built-in HDMI, USB, High Resolution, Digital Noise Reduction, Dolby Audio Bundle with Circuit City 6-Feet 4K HDMI Cable and Accessories",-1,223,4.1,https://images-na.ssl-images-amazon.com/images/I/71wWysVoOJL._AC_SY355_.jpg
B0813ZFQYF,Television,Element 24 pulgadas Class FH (720P) LED TV (Eleft2416) (Renewed),$85.99 ,37,4.1,https://images-na.ssl-images-amazon.com/images/I/51GZS2-LkNL._AC_SY355_.jpg
B07NF9BZ1J,Television,"Axess TVD1805-15 LED HDTV Includes AC/DC TV DVD Player HDMI/SD/USB Inputs, Wall Mountable, Stereo Speaker (15.6 Inch)",$179.90 ,245,4.1,https://images-na.ssl-images-amazon.com/images/I/61pVfrMoJ5L._AC_SY355_.jpg
B07G9XZ83W,Television,TCL 32S325 32 Inch 720p Roku Smart LED TV (2019),-1,"12,613",4.7,https://images-na.ssl-images-amazon.com/images/I/61--xSgNcQL._AC_SY355_.jpg
B087Z519BB,Television,SAMSUNG 75-inch Class Crystal UHD TU-8000 Series - 4K UHD HDR Smart TV with Alexa Built-in + HW-T550 2.1ch Soundbar with Dolby Audio/DTS Virtual:X (2020),-1,40,4.6,https://images-na.ssl-images-amazon.com/images/I/615kyTYOl8L._AC_SY355_.jpg
B07RSQYPJ8,Television,"14Inch Portabel ATSC Digital Television 1080P HD HDMI Video Player Support USB Port,SD/MMC Card,U Disk,MKV, MOV, AVI, WMV, MP4, FLV, MPEG1-4, RMVB, 1080P Video MP3 for Outdoor, Home, Car,Bathroom etc",-1,5,4.7,https://images-na.ssl-images-amazon.com/images/I/615jLOJ7LCL._AC_SY355_.jpg
B07M8RM5HQ,Television,Vizio D40F-G9 40-inch 1080p Full Array LED SmartCast HDTV (Renewed),$229.99 ,561,4.2,https://images-na.ssl-images-amazon.com/images/I/61Ms8bztRFL._AC_SX355_.jpg
B07JK98NNQ,Television,TCL 50S425 50 Inch 4K Smart LED Roku TV (2019),-1,"41,548",4.6,https://images-na.ssl-images-amazon.com/images/I/71tN5cFBvFL._AC_SX355_.jpg
B08C9KMRVB,Television,"VIZIO 40 Inch 4K Smart TV, V-Series UHD HDR Television with Apple AirPlay and Chromecast Built-in (V405-H19)",-1,352,4.3,https://images-na.ssl-images-amazon.com/images/I/81NCnG8UvYL._AC_SY355_.jpg
B078HZWYDM,Television,"Sceptre X325BV-FSR 32"" Class FHD (1080P) LED TV",-1,27,4.2,https://images-na.ssl-images-amazon.com/images/I/31AE6NUNpQL._AC_.jpg
B01CJV6722,Television,"Sceptre UTV 50"" Class 4K LED TV 3840x2160 U508CV-UMC 4X HDMI Ports, Metal Black",-1,54,4.2,https://images-na.ssl-images-amazon.com/images/I/51usibpi5VL._AC_SX355_.jpg
B07WFYRCH9,Television,"Vizio¬†D40F-G9¬†1080p¬†40""¬†Smart LED TV, Black¬†(Renewed)",$229.99 ,3,5,https://images-na.ssl-images-amazon.com/images/I/81Z9TF3QdXL._AC_SY355_.jpg
B0821VFDPZ,Television,"Sceptre Android TV 32-inch Smart LED HD TV Google Assistant Chromecast Bluetooth Remote, Machine Black 2020 (A322BV-SRC)",-1,610,4.1,https://images-na.ssl-images-amazon.com/images/I/81tCV5NDoKL._AC_SX355_.jpg
B078HM2CBP,Television,"Sceptre 65"" Class 4K (2160P) LED TV (U650CV-U)",-1,148,4,https://images-na.ssl-images-amazon.com/images/I/61WBhbBbjCL._AC_SX355_.jpg
B07GGSD1KS,Television,"Sceptre 32"" Class HD (720P) LED TV (X322BV-SR)",-1,193,4.4,https://images-na.ssl-images-amazon.com/images/I/91elOhlcXcL._AC_SX355_.jpg
B085W8VLS7,Television,TCL 4K Smart LED TV‚Ä¶ (55 INCH),-1,297,4.6,https://images-na.ssl-images-amazon.com/images/I/61pNQjrEj7L._AC_SX355_.jpg
B08511FZLG,Television,"Sceptre Android TV A515CV-UMC 50-inch 4K UHD Smart LED HD TV Google Assistant Chromecast Bluetooth Remote HDR 3840x2160, Machine Black 2020",-1,188,4.2,https://images-na.ssl-images-amazon.com/images/I/71zOFexajaL._AC_SX355_.jpg
B0716X489L,Television,"Sceptre 19"" Class HD (720P) LED TV (E195BV-SR)",-1,338,4.3,https://images-na.ssl-images-amazon.com/images/I/71DY8Gx3SdL._AC_SX355_.jpg
B089MF3G17,Television,"Skyworth S3G 32-Inch 720P HD Smart LED TV, Quad-CORE Android TV with Voice Control, Google Assistant Built-in, Also Work with Alexa",$187.53 ,919,4.2,https://images-na.ssl-images-amazon.com/images/I/71Yaq-llwhL._AC_SY355_.jpg
B00NJ2M33I,Headphones,"Sony ZX Series Wired On-Ear Headphones, Black MDR-ZX110",-1,"49,701",4.5,https://images-na.ssl-images-amazon.com/images/I/71jQZy3ZzxL._AC_SY606_.jpg
B07SHH37M6,Headphones,"PeohZarr On-Ear Headphones with Microphone, Lightweight Folding Stereo Bass Headphones with 1.5M Tangle Free Cord, Portable Wired Headphones for Smartphone Tablet Laptop Computer MP3/4",-1,"20,806",4.5,https://images-na.ssl-images-amazon.com/images/I/71P3igzuWCL._AC_SY450_.jpg
B08XV1QKH1,Headphones,"Earbuds - Earphone - Wired Headphones, 3.5mm in-Ear Wired Earbuds with Built-in Microphone & Volume Control Compatible with iPhone 6s plus/6/5s/5c/iPad/S10 Android All 3.5 mm Audio Devices (2 Pack)",$11.99 ,"9,836",4.3,https://images-na.ssl-images-amazon.com/images/I/61D4mN5MUPL._AC_SY355_.jpg
B0787HVXKQ,Headphones,"Kids Headphones-Noot Products K11 Foldable Stereo Tangle-Free 5ft Long cord 3.5mm Jack Plug in Wired On-Ear Headset for iPad/Amazon Kindle,Fire/Boys/Girls/School/Travel/Plane/Tablet/Laptop(Mint/Coral)",$10.00 ,"22,402",4.7,https://images-na.ssl-images-amazon.com/images/I/61%2B3HMZJXbL._AC_SY355_.jpg
B07K5214NZ,Headphones,"Bluetooth Headphones Over-Ear, Zihnic Foldable Wireless and Wired Stereo Headset Micro SD/TF, FM for Cell Phone,PC,Soft Earmuffs &Light Weight for Prolonged Waring(Rose Gold)",$25.99 ,"36,479",4.4,https://images-na.ssl-images-amazon.com/images/I/51eAhFCg5mL._AC_SY355_.jpg
B07SP57RWH,Headphones,"Panasonic ErgoFit Earbud Headphones with Microphone and Call Controller Compatible with iPhone, Android and Blackberry - RP-TCM125-VA - In-Ear (Metallic Violet)",$14.99 ,"112,207",4.3,https://images-na.ssl-images-amazon.com/images/I/71-JC9ohIyL._AC_SX355_.jpg
B019U00D7K,Headphones,"COWIN E7 Active Noise Cancelling Headphones Bluetooth Headphones with Microphone Deep Bass Wireless Headphones Over Ear, Comfortable Protein Earpads, 30 Hours Playtime for Travel/Work, Black",$49.99 ,"69,974",4.4,https://images-na.ssl-images-amazon.com/images/I/41WzHq0SkRL._AC_SY355_.jpg
B08DKZM85T,Headphones,"Wireless Earbuds, Mpow MBits S True Bluetooth Earbuds In Ear w/Mic CVC8.0 Noise Cancelling Earphones, Bluetooth 5.0 Headphones Sports, Deep Bass/IPX8 Waterproof/35H Playtime/Touch Control/3 Mode,Black",$25.49 ,"11,310",4.5,https://images-na.ssl-images-amazon.com/images/I/51u1FiJEGaL._AC_SY355_.jpg
B07PD9V78L,Headphones,"Mpow CH6S Kids Headphones with Microphone Over Ear, On Ear Headphones for Kids with HD Sound Sharing Function for Children Boys Girls, Volume Limit Safe 85dB,94dB Headset for School, Travel",$18.99 ,"37,656",4.7,https://images-na.ssl-images-amazon.com/images/I/71tuneVA4hL._AC_SY550_.jpg
B07J2Z5DBM,Headphones,TOZO T10 Bluetooth 5.0 Wireless Earbuds with Wireless Charging Case IPX8 Waterproof TWS Stereo Headphones in Ear Built in Mic Headset Premium Sound with Deep Bass for Sport Black,-1,"199,402",4.4,https://images-na.ssl-images-amazon.com/images/I/71-S-dtu42L._AC_SY355_.jpg
B073WN3W6M,Headphones,JLab Audio Neon Folding On-Ear Headphones | Wired Headphones | Tangle Free Cord | Noise Isolation | 40mm Neodymium Drivers | C3 Sound (Crystal Clear Clarity) | Black,-1,"10,016",4.4,https://images-na.ssl-images-amazon.com/images/I/61ceAnQlxcL._AC_SX425_.jpg
B01M0GB8CC,Headphones,Apple EarPods with Lightning Connector - White,-1,"120,344",4.7,https://images-na.ssl-images-amazon.com/images/I/41wYbyr3LLL._AC_SX342_.jpg
B07NM3RSRQ,Headphones,"Anker Soundcore Life Q20 Hybrid Active Noise Cancelling Headphones, Wireless Over Ear Bluetooth Headphones, 40H Playtime, Hi-Res Audio, Deep Bass, Memory Foam Ear Cups, for Travel, Home Office",$49.99 ,"24,768",4.5,https://images-na.ssl-images-amazon.com/images/I/61oXrwTm1uL._AC_SY355_.jpg
B08P5S3YDF,Headphones,VEATOOL Wireless Earbuds Bluetooth Headphones 48hrs Play Back Sport Earphones with LED Display Ear Buds with Earhooks Built-in Mic Headset for Workout,$38.99 ,"6,079",4.6,https://images-na.ssl-images-amazon.com/images/I/714BId9LRCL._AC_SY355_.jpg
B07YVYZ8T5,Headphones,"Beats Solo3 Wireless On-Ear Headphones - Apple W1 Headphone Chip, Class 1 Bluetooth, 40 Hours of Listening Time, Built-in Microphone - Black (Latest Model)",-1,"27,393",4.7,https://images-na.ssl-images-amazon.com/images/I/51QxA-98Q%2BL._AC_SX342_.jpg
B088F9BZJM,Headphones,"Kids Headphones, Mpow CHE2 Wired Headphones for Kids Teens, Children Headphones with Volume Limit, Foldable Adjustable On Ear Headphones for School, Travel, Compatible with Cellphones, Tablets, PC",$14.99 ,"2,997",4.6,https://images-na.ssl-images-amazon.com/images/I/61X-3VZw2UL._AC_SY355_.jpg
B07BC64276,Headphones,"Mpow Flame Bluetooth Headphones V5.0 IPX7 Waterproof Wireless headphones,Bass+ HD Stereo Wireless Sport Earbuds, 7-9Hrs Playtime, cVc6.0 Noise Cancelling Mic for Home Workout,Running,Gym Blue Grey",$16.98 ,"65,886",4.4,https://images-na.ssl-images-amazon.com/images/I/61JdNQLOhCL._AC_SY355_.jpg
B07R2J14V3,Headphones,"LETSCOM Bluetooth Headphones V5.0 IPX7 Waterproof, Wireless Sport Earphones, HiFi Bass Stereo Sweatproof Earbuds W/Mic, Noise Cancelling Headset for Workout, Running, Gym, 8 Hours Play time",$20.99 ,"69,844",4.4,https://images-na.ssl-images-amazon.com/images/I/61fBoBIuTsL._AC_SY355_.jpg
B08RJ8MCZ3,Headphones,"2 Pack Earbuds Headphones Earphones with 3.5mm Wired in-Ear Headphone Plug Built-in Microphone and Volume Control Compatible with iPhone, PC, MP3,MP4, Android",$12.99 ,94,4.3,https://images-na.ssl-images-amazon.com/images/I/515psFgwI6L._AC_SY355_.jpg
B077YG22Y9,Headphones,COWIN E7 PRO [Upgraded] Active Noise Cancelling Headphones Bluetooth Headphones with Microphone/Deep Bass Wireless Headphones Over Ear 30H Playtime for Travel/Work/TV/Computer/Cellphone - Black,$69.99 ,"27,350",4.4,https://images-na.ssl-images-amazon.com/images/I/61bMV3oE-8L._AC_SY355_.jpg
B082TWSSTM,Headphones,"Mpow 059 Lite Bluetooth Headphones, 60 Hours Playtime Wireless Headphones Over Ear with Microphone, Bluetooth 5.0, HiFi Stereo Sound, Protein Earpads, Wired Wireless Headset for Kids, Adults, TV",$15.29 ,"8,346",4.5,https://images-na.ssl-images-amazon.com/images/I/71o3d806aiL._AC_SY355_.jpg
B08H1WNYTR,Headphones,Occiam Bluetooth Headphones True Wireless Earbuds 48H Play Back Earphones TWS Deep Bass in Ear Waterproof with Microphone LED Display for Sports Black,$38.99 ,"15,963",4.5,https://images-na.ssl-images-amazon.com/images/I/61cLu%2B0jalL._AC_SY355_.jpg
B00HVLUR18,Headphones,"Audio-Technica ATH-M20X Professional Studio Monitor Headphones, Black",$49.00 ,"6,387",4.6,https://images-na.ssl-images-amazon.com/images/I/71wQVZhuQ3L._AC_SX425_.jpg
B01HNMTCE2,Headphones,iJoy Matte Finish Premium Rechargeable Wireless Headphones Bluetooth Over Ear Headphones Foldable Headset with Mic (Stealth),$17.99 ,"37,786",4.4,https://images-na.ssl-images-amazon.com/images/I/815PM0CRkHL._AC_SY355_.jpg
B08W9PFZZ8,Headphones,"[2021 Upgraded] True Wireless Earbuds, TANGMAI W0 Bluetooth 5.0 Headphones with Microphones, 30H Playtime, Deep Bass, IPX7 Waterproof for Sports, Earphones with Clear Calls for Home/Office -Black",-1,34,4.2,https://images-na.ssl-images-amazon.com/images/I/51mTXPlGMhL._AC_SY355_.jpg
B08JY5GC29,Headphones,"Wireless Earbuds Sports, Mpow Flame Solo Bluetooth Earbuds, Bass+ Bluetooth Headphones in Ear Wireless Earphones with Mic Earphones, Fast Charging/USB-C/28H Playtime/IPX7 Waterproof for Running Sports",-1,"7,117",4.6,https://images-na.ssl-images-amazon.com/images/I/71If9Ps8wwL._AC_SY355_.jpg
B08W48NYC9,Headphones,"Bluetooth Headphones,LOVOCOO Neckband Bluetooth Headset with Retractable Earbuds, Foldable Wireless Bluetooth Headphones Built in Noise Cancelling Mic for Sports and Work (with Carry Case) (Black)",$29.98 ,97,4.3,https://images-na.ssl-images-amazon.com/images/I/618hvq9rHjL._AC_SY355_.jpg
B07RGZ5NKS,Headphones,TOZO T6 True Wireless Earbuds Bluetooth Headphones Touch Control with Wireless Charging Case IPX8 Waterproof TWS Stereo Earphones in-Ear Built-in Mic Headset Premium Deep Bass for Sport Black,-1,"107,262",4.5,https://images-na.ssl-images-amazon.com/images/I/71gtHnQGfQL._AC_SY355_.jpg
B08FCGH2RL,Headphones,Skullcandy Crusher Evo Wireless Over-Ear Headphone - True Black,$149.99 ,"1,263",4.8,https://images-na.ssl-images-amazon.com/images/I/71I0lybSq%2BL._AC_SY355_.jpg
B08JFTD74R,Headphones,"Wireless Bone Conduction Headphones Bluetooth 5.0 Open Ear Sports Headset with Mic Sweatproof for Running, Bicycling, Hiking (Black)",$34.99 ,781,4.3,https://images-na.ssl-images-amazon.com/images/I/61SeEIZdrXL._AC_SX425_.jpg
B08HBBF6FR,Headphones,Panasonic Full-Sized Lightweight Over-The-Ear Headphones with Mic and Long Cord - RP-HT161M (Black),$32.27 ,"18,409",4.3,https://images-na.ssl-images-amazon.com/images/I/71Yb3z2B2ML._AC_SY355_.jpg
B086GPHS71,Headphones,"LETSCOM Bluetooth Headphones, 100 Hours Playtime Bluetooth 5.0 Headphones Over Ear with Deep Bass, Hi-Fi Sound and Soft Earpads, Built-in Mic, Wired/Wireless Headset for Home Office-Red Purple",$26.99 ,"24,936",4.4,https://images-na.ssl-images-amazon.com/images/I/71lAuWUdrHL._AC_SY355_.jpg
B07CVL2D2S,monitor,"Acer SB220Q bi 21.5 Inches Full HD (1920 x 1080) IPS Ultra-Thin Zero Frame Monitor (HDMI & VGA Port), Black",$99.99 ,"40,600",4.7,https://images-na.ssl-images-amazon.com/images/I/81QpkIctqPL._AC_SY450_.jpg
B07743412C,monitor,"Sceptre 20"" 1600x900 75Hz Ultra Thin LED Monitor 2x HDMI VGA Built-in Speakers, Machine Black Wide Viewing Angle 170¬∞ (Horizontal) / 160¬∞ (Vertical)",$82.97 ,"15,520",4.5,https://images-na.ssl-images-amazon.com/images/I/617S7xFO58L._AC_SX355_.jpg
B08DWQ4JYF,monitor,"Dell S2421H 24 Inch Full HD 1080p IPS Ultra-Thin Bezel Monitor 2 x HDMI Ports, Built-in Speakers, Silver",-1,864,4.7,https://images-na.ssl-images-amazon.com/images/I/71yI7N2eijL._AC_SY450_.jpg
B07KW6HFD1,monitor,"Dell 27 LED Backlit LCD Monitor SE2719H IPS Full HD 1080p, 1920x1080 at 60 Hz HDMI VGA, Black",-1,"5,994",4.7,https://images-na.ssl-images-amazon.com/images/I/81nSaeP3AvL._AC_SY450_.jpg
B00W95RR32,monitor,"LG 24M47VQ 24-Inch LED-lit Monitor, Black",$119.99 ,"3,588",4.7,https://images-na.ssl-images-amazon.com/images/I/91jzIGu5N-L._AC_SY450_.jpg
B077SRKKHQ,monitor,"Sceptre E275W-19203R 27"" Ultra Thin 1080P LED Monitor 2X HDMI VGA Build-In Speakers, Metallic Black 2018",$139.97 ,"3,398",4.5,https://images-na.ssl-images-amazon.com/images/I/81MdHBuHZEL._AC_SX355_.jpg
B00SFB13UC,monitor,HP 24uh 24-inch LED Backlit Monitor,-1,690,4.7,https://images-na.ssl-images-amazon.com/images/I/91BZ%2BqCwUcL._AC_SX355_.jpg
B07FBS36W2,monitor,"Samsung 34-Inch SJ55W Ultrawide Gaming Monitor (LS34J550WQNXZA) ‚Äì 75Hz Refresh, WQHD Computer Monitor, 3440 x 1440p Resolution, 4ms Response, FreeSync, Split Screen, HDMI, Black",$350.48 ,541,4.4,https://images-na.ssl-images-amazon.com/images/I/91g-Y1B09EL._AC_SX355_.jpg
B08P9RJ1X7,monitor,"Samsung 34"" Class Ultrawide Monitor with 21:9 Wide Screen, S34J552WQNXZA (Renewed)",$279.00 ,81,4.3,https://images-na.ssl-images-amazon.com/images/I/81AJCvJ-REL._AC_SX355_.jpg
B01N44B3FZ,monitor,"Acer V206WQL b 19.5"" HD (1440 x 900) IPS 16:10 Aspect Ratio Monitor (VGA port)",$79.99 ,22,4,https://images-na.ssl-images-amazon.com/images/I/61cb-Mhrk8L._AC_SX450_.jpg
B088YN9LBK,monitor,"LG 32QN600-B 32-Inch QHD (2560 x 1440) IPS Monitor with HDR 10, AMD FreeSync with Dual HDMI Inputs, Black",$249.99 ,"1,356",4.7,https://images-na.ssl-images-amazon.com/images/I/81-lVaD1rAL._AC_SY450_.jpg
B08G8SH4QJ,monitor,"Dell S2721D 27 Inch 1440p QHD, IPS Ultra-Thin Bezel Monitor, AMD FreeSync, HDMI, DisplayPort, Built in Speakers, VESA Certified, Silver",-1,633,4.6,https://images-na.ssl-images-amazon.com/images/I/81sTyOg1O3L._AC_SY450_.jpg
B0787WGCXT,monitor,ViewSonic VX3276-MHD 32 Inch 1080p Frameless Widescreen IPS Monitor with Screen Split Capability HDMI and DisplayPort,$217.73 ,"4,680",4.7,https://images-na.ssl-images-amazon.com/images/I/516Vq6aI-JL._AC_SY450_.jpg
B072F3DL6P,monitor,"ViewSonic VA2246MH-LED 22 Inch Full HD 1080p LED Monitor with HDMI and VGA Inputs for Home and Office, Black",$99.99 ,"4,837",4.6,https://images-na.ssl-images-amazon.com/images/I/61m3DbNQwQL._AC_SY355_.jpg
B07MQBPMJ2,monitor,"Acer Nitro XV272U Pbmiiprzx 27"" WQHD (2560 x 1440) IPS G-SYNC Compatible Monitor, 144Hz, 1ms VRB, VESA Certified DisplayHDR400, DCI-P3, Delta E<2",$363.00 ,831,4.6,https://images-na.ssl-images-amazon.com/images/I/81Cq%2BySZwvL._AC_SX450_.jpg
B087QRW81Z,monitor,"Sceptre IPS 24-Inch Business Computer Monitor 1080p 75Hz with HDMI VGA Build-in Speakers, Machine Black (E248W-FPT)",$129.97 ,"1,651",4.7,https://images-na.ssl-images-amazon.com/images/I/71NRUy8pgnL._AC_SY355_.jpg
B072F3DL6P,monitor,"ViewSonic VA2246MH-LED 22 Inch Full HD 1080p LED Monitor with HDMI and VGA Inputs for Home and Office, Black",$99.99 ,"4,837",4.6,https://images-na.ssl-images-amazon.com/images/I/61m3DbNQwQL._AC_SY355_.jpg
B077SRKKHQ,monitor,"Sceptre E275W-19203R 27"" Ultra Thin 1080P LED Monitor 2X HDMI VGA Build-In Speakers, Metallic Black 2018",$139.97 ,"3,398",4.5,https://images-na.ssl-images-amazon.com/images/I/81MdHBuHZEL._AC_SX355_.jpg
B08BT9DZQW,monitor,"AOC C32G2 32"" Curved Frameless Gaming Monitor FHD, 1500R Curved VA, 1ms, 165Hz, FreeSync, Height adjustable, 3-Year Zero Dead Pixel Policy, Black",$313.56 ,512,4.7,https://images-na.ssl-images-amazon.com/images/I/71jiNX9VBlL._AC_SX450_.jpg
B07MTRQ6B3,monitor,"Sceptre Curved 27"" 75Hz LED Monitor HDMI VGA Build-In Speakers, EDGE-LESS Metal Black 2019 (C275W-1920RN)",$179.97 ,"7,104",4.7,https://images-na.ssl-images-amazon.com/images/I/914W%2BOtJQ-L._AC_SX355_.jpg
B088MKF848,monitor,"ASUS TUF Gaming 32"" 2K HDR Curved Monitor (VG32VQ1B) - WQHD (2560 x 1440), 165Hz (Supports 144Hz), 1ms, Extreme Low Motion Blur, Speaker, FreeSync Premium, VESA Mountable, DisplayPort, HDMI",$379.99 ,"2,481",4.7,https://images-na.ssl-images-amazon.com/images/I/81EEKMm1XBL._AC_SY450_.jpg
B089V2R9WW,monitor,"Sceptre Curved 27"" Gaming Monitor up to 165Hz DisplayPort 144Hz HDMI Edge-Less AMD FreeSync Premium, Build-in Speakers Machine Black 2021 (C275B-1858RN)",$229.97 ,"1,169",4.8,https://images-na.ssl-images-amazon.com/images/I/91vw9DRl4KL._AC_SX450_.jpg
B086LM6C4V,monitor,"LG 27ML600M-B 27‚Äù Full HD IPS 3-Side Borderless Monitor with Dual HDMI, Black",$146.99 ,34,4.7,https://images-na.ssl-images-amazon.com/images/I/81U%2BMhwN2OL._AC_SY450_.jpg
B07MG85X1M,monitor,"Acer KG241Q Pbiip 23.6"" Full HD (1920 x 1080) TN 144Hz 1ms Monitor with AMD FreeSync Technology (Display Port & 2 x HDMI)",$198.91 ,"4,653",4.6,https://images-na.ssl-images-amazon.com/images/I/81GG2z3Vr8L._AC_SX450_.jpg
B08G8SH4QJ,monitor,"Dell S2721D 27 Inch 1440p QHD, IPS Ultra-Thin Bezel Monitor, AMD FreeSync, HDMI, DisplayPort, Built in Speakers, VESA Certified, Silver",-1,633,4.6,https://images-na.ssl-images-amazon.com/images/I/81sTyOg1O3L._AC_SY450_.jpg
B085HLDX1Z,monitor,"ASUS VL279HE 27‚Äù Eye Care Monitor, 1080P Full HD (1920 x 1080), IPS, 75Hz, Adaptive-Sync, FreeSync, HDMI D-Sub, Frameless, Slim, Wall Mountable, Flicker Free and Blue Light Filter,BLACK",$149.99 ,"1,156",4.7,https://images-na.ssl-images-amazon.com/images/I/71yl%2BFMyOKL._AC_SY450_.jpg
B08BF4CZSV,monitor,HP 24mh FHD Monitor - Computer Monitor with 23.8-Inch IPS Display (1080p) - Built-In Speakers and VESA Mounting - Height/Tilt Adjustment for Ergonomic Viewing - HDMI and DisplayPort - (1D0J9AA#ABA),$169.99 ,"12,473",4.8,https://images-na.ssl-images-amazon.com/images/I/91fAU6mxFsL._AC_SX450_.jpg
B083FMP35T,monitor,"ASUS VP249QGR 23.8‚Äù Gaming Monitor 144Hz Full HD (1920 x 1080) IPS 1ms FreeSync Extreme Low Motion Blur Eye Care DisplayPort HDMI VGA,BLACK",$239.00 ,"2,237",4.8,https://images-na.ssl-images-amazon.com/images/I/91G9etn8L4L._AC_SY450_.jpg
B0862YHJ56,monitor,"AOC CQ27G2 27"" Super Curved Frameless Gaming Monitor QHD 2K, 1500R Curved VA, 1ms, 144Hz, FreeSync, Height adjustable, 3-Year Zero Dead Pixel Guarantee",$299.14 ,"1,531",4.7,https://images-na.ssl-images-amazon.com/images/I/81oORaahKZL._AC_SX450_.jpg
B08K26TJNP,monitor,"ASUS VY279HE 27‚Äù Eye Care Monitor, 1080P Full HD, 75Hz, IPS, 1ms, Adaptive-Sync/FreeSync, Eye Care Plus, Color Augmentation, Antibacterial Surface, HDMI VGA, Frameless, VESA Wall Mountable, Black",-1,"4,444",4.7,https://images-na.ssl-images-amazon.com/images/I/81Jsxsgs6PL._AC_SY450_.jpg
B072M34RQC,monitor,"HP VH240a 23.8-Inch Full HD 1080p IPS LED Monitor with Built-In Speakers and VESA Mounting, Rotating Portrait & Landscape, Tilt, and HDMI & VGA Ports (1KL30AA) - Black",-1,"21,511",4.7,https://images-na.ssl-images-amazon.com/images/I/71trhuzbhML._AC_SY450_.jpg
B08DJB7VVY,monitor,HP M27ha FHD Monitor - Full HD Monitor (1920 x 1080p) - IPS Panel and Built-in Audio - VESA Compatible 27-inch Monitor Designed for Comfortable Viewing with Height and Pivot Adjustment - (22H94AA#ABA),$247.00 ,849,4.8,https://images-na.ssl-images-amazon.com/images/I/818NZ0C5z%2BL._AC_SX450_.jpg
B07RQVB3HQ,Keyboard,"Manhattan Black Wired Keyboard (5 ft. USB-A Cable) with 104-keys, Foldable Stands, and LED Indicator Lights - Compatible for Windows",-1,"1,569",4.3,https://images-na.ssl-images-amazon.com/images/I/61FhqXdVUfL._AC_SX450_.jpg
B00NLZUM36,Keyboard,Redragon S101 Wired Gaming Keyboard and Mouse Combo RGB Backlit Gaming Keyboard with Multimedia Keys Wrist Rest and Red Backlit Gaming Mouse 3200 DPI for Windows PC Gamers (Black),$39.99 ,"26,894",4.6,https://images-na.ssl-images-amazon.com/images/I/71kr3WAj1FL._AC_SY450_.jpg
B07WJ5D3H4,Keyboard,Amazon Basics Matte Black Wired Keyboard - US Layout (QWERTY),$17.40 ,306,4.5,https://images-na.ssl-images-amazon.com/images/I/81cg9myC9kL._AC_SY450_.jpg
B07XVCP7F5,Keyboard,"RK ROYAL KLUDGE Typewriter Style Mechanical Gaming Keyboard with True RGB Backlit Collapsible Wrist Rest 108-Key Blue Switch Retro Round Keycap, Black",$79.99 ,"1,205",4.8,https://images-na.ssl-images-amazon.com/images/I/71yB%2BrkZUbL._AC_SY450_.jpg
B07D34L57F,Keyboard,Arteck 2.4G Wireless Keyboard Stainless Steel Ultra Slim Full Size Keyboard with Numeric Keypad for Computer/Desktop/PC/Laptop/Surface/Smart TV and Windows 10/8/ 7 Built in Rechargeable Battery,-1,"14,247",4.5,https://images-na.ssl-images-amazon.com/images/I/615wODNPYJL._AC_SY355_.jpg
B079JLY5M5,Keyboard,"Logitech MK270 Wireless Keyboard and Mouse Combo - Keyboard and Mouse Included, Long Battery Life",$24.99 - $209.99,"41,308",4.6,https://images-na.ssl-images-amazon.com/images/I/61v%2BtaI5jvL._AC_SX425_.jpg
B086VRM89H,Keyboard,"Redragon K552 Mechanical Gaming Keyboard RGB LED Rainbow Backlit Wired Keyboard with Red Switches for Windows Gaming PC (87 Keys, White)",$39.99 ,"22,380",4.4,https://images-na.ssl-images-amazon.com/images/I/61DT%2Br681TL._AC_SY450_.jpg
B088D126GD,Keyboard,"Wireless Keyboard Mouse Combo, Cimetech Compact Full Size Wireless Keyboard and Mouse Set 2.4G Ultra-Thin Sleek Design for Windows, Computer, Desktop, PC, Notebook - (Wine red)",$33.99 ,"11,470",4.4,https://images-na.ssl-images-amazon.com/images/I/71qNZONGr4L._AC_SY355_.jpg
B003NREDC8,Keyboard,"Logitech Desktop MK120 Durable, Comfortable, USB Mouse and Keyboard Combo",$17.18 - $144.99,-1,-1,https://images-na.ssl-images-amazon.com/images/I/71uxvpJfqTL._AC_SX425_.jpg
B089NQD4RR,Keyboard,"PICTEK Full Size Mechanical Gaming Keyboard, Rainbow Backlit Ultra-Slim Wired USB Keyboard with Blue Switches Double-Shot Keycaps, Splash-Proof, Full-Key Rollover, Ideal for Windows Mac Gaming",$29.99 ,"1,565",4.7,https://images-na.ssl-images-amazon.com/images/I/61q8iYnZbeL._AC_SY450_.jpg
B086168Y25,Keyboard,"FIODIO Membrane Gaming Keyboard, USB Wired Keyboard with Rainbow Backlit, 104 Comfortable Quiet Silent Keys, 26 Anti-Ghosting Keys, Spill Resistant, Multimedia Control for PC and Desktop Computer",$24.99 ,208,4.1,https://images-na.ssl-images-amazon.com/images/I/71z6gsI87bL._AC_SY450_.jpg
B016QO64FI,Keyboard,"Apple Magic Keyboard (Wireless, Rechargable) (US English) - Silver",-1,"6,766",4.8,https://images-na.ssl-images-amazon.com/images/I/41zF0OXgNzL._AC_SX679_.jpg
B00QXT5T3U,Keyboard,Logitech MK345 Wireless Combo Full-Sized Keyboard with Palm Rest and Comfortable Right-Handed Mouse - Black,-1,"21,904",4.6,https://images-na.ssl-images-amazon.com/images/I/61S0sV1a57L._AC_SY450_.jpg
B07FKMM3GX,Keyboard,"VictSing USB Keyboard, Computer Keyboard Wired, Backlight Gaming Keyboard with Metal-Panel, Quiet Keyboard for PC/Mac Game, Office Typing, Black",$19.99 ,"4,615",4.4,https://images-na.ssl-images-amazon.com/images/I/81NQXqozuJL._AC_SY450_.jpg
B01BQ8S45M,Keyboard,HP USB Slim Business Keyboard,$14.70 ,"1,625",4.6,https://images-na.ssl-images-amazon.com/images/I/816JL4NGaLL._AC_SX450_.jpg
B08C73FX64,Keyboard,"VicTsing Wireless Keyboard [Enlarged Indicator Light], 2.4G Ergonomic Wireless Computer Keyboard, Full Size PC Keyboard with Numeric Keypad for Laptop/Desktop/Surface/Chromebook/Notebook, Black",$16.14 ,"1,378",4.5,https://images-na.ssl-images-amazon.com/images/I/61WHEzwkN9L._AC_SX355_.jpg
B07D3GB4N3,Keyboard,Redragon K552 Mechanical Gaming Keyboard 60% Compact 87 Key Kumara Wired Cherry MX Blue Switches Equivalent for Windows PC Gamers (RGB Backlit White),$48.99 ,"2,848",4.8,https://images-na.ssl-images-amazon.com/images/I/617RSxX2hCL._AC_SY450_.jpg
B01NCNQKI2,Keyboard,"Rii RK100+ Multiple Color Rainbow LED Backlit Large Size USB Wired Mechanical Feeling Multimedia PC Gaming Keyboard,Office Keyboard for Working or Primer Gaming,Office Device (US Layout)",-1,"7,178",4.4,https://images-na.ssl-images-amazon.com/images/I/61MQ3ZE8jxL._AC_SX450_.jpg
B07DRG6ZVD,Keyboard,"VicTsing Keyboard 4.9ft Cable, wired Computer Keyboard with Stands, Low Profile Chiclet USB Keyboard for Windows/PC/Laptop/Desktop/Surface/Chromebook",$13.99 ,"5,866",4.4,https://images-na.ssl-images-amazon.com/images/I/71K3cUHjhCL._AC_SY450_.jpg
B07XDHLJ9M,Keyboard,"PICTEK RGB Gaming Keyboard USB Wired Keyboard, Crater Architecture Backlit Computer Keyboard with 8 Independent Multimedia Keys, 25 Keys Anti-ghosting, Splash-Proof, Ideal for PC/Mac Game, Black",$20.99 ,"6,523",4.6,https://images-na.ssl-images-amazon.com/images/I/71b-7QJEgbL._AC_SY450_.jpg
B08B3CFL6W,Keyboard,Razer Huntsman Mini 60% Gaming Keyboard: Fastest Keyboard Switches Ever - Clicky Optical Switches - Chroma RGB Lighting - PBT Keycaps - Onboard Memory - Mercury White,$99.99 ,"10,922",4.7,https://images-na.ssl-images-amazon.com/images/I/712e7S94B%2BL._AC_SX450_.jpg
B016Y2BVKA,Keyboard,havit Wired Gaming Keyboard Mouse Combo LED Rainbow Backlit Gaming Keyboard RGB Gaming Mouse Ergonomic Wrist Rest 104 Keys Keyboard Mouse 4800 DPI for Windows & Mac PC Gamers (Black),$32.99 ,"13,539",4.5,https://images-na.ssl-images-amazon.com/images/I/71UDaMu81lL._AC_SY450_.jpg
B01LVTI3TO,Keyboard,Razer Ornata Chroma Gaming Keyboard: Hybrid Mechanical Key Switches - Customizable Chroma RGB Lighting - Individually Backlit Keys - Detachable Plush Wrist Rest - Programmable Macro Functionality,-1,"7,583",4.7,https://images-na.ssl-images-amazon.com/images/I/8116DtW4WWL._AC_SX355_.jpg
B086168Y25,Keyboard,"FIODIO Membrane Gaming Keyboard, USB Wired Keyboard with Rainbow Backlit, 104 Comfortable Quiet Silent Keys, 26 Anti-Ghosting Keys, Spill Resistant, Multimedia Control for PC and Desktop Computer",$24.99 ,208,4.1,https://images-na.ssl-images-amazon.com/images/I/71z6gsI87bL._AC_SY450_.jpg
B082VS96NC,Keyboard,"Wireless Keyboard and Mouse Combo, LeadsaiL Compact Quiet Full Size Wireless Keyboard and Mouse Set 2.4G Ultra-Thin Sleek Design for Windows, Computer, Desktop, PC, Notebook, Laptop (Light Black)",$32.99 ,"1,210",4.3,https://images-na.ssl-images-amazon.com/images/I/71gjBYCHU1L._AC_SY355_.jpg
B00P7Z7SXU,Keyboard,Logitech K120 USB Wired Standard Keyboard,$22.49 ,327,4.7,https://images-na.ssl-images-amazon.com/images/I/41mvFv3AdLL._AC_.jpg
B08C73FX64,Keyboard,"VicTsing Wireless Keyboard [Enlarged Indicator Light], 2.4G Ergonomic Wireless Computer Keyboard, Full Size PC Keyboard with Numeric Keypad for Laptop/Desktop/Surface/Chromebook/Notebook, Black",$16.14 ,"1,378",4.5,https://images-na.ssl-images-amazon.com/images/I/61WHEzwkN9L._AC_SX355_.jpg
B08KXJJT6Y,Keyboard,"Wireless Keyboard Mouse Combo, Cimetech Compact Full Size Wireless Keyboard and Mouse Set Less Noise Keys 2.4G Ultra-Thin Sleek Design for Windows, Computer, PC, Notebook, Laptop - (Blue)",$33.99 ,"1,082",4.4,https://images-na.ssl-images-amazon.com/images/I/718osxKpgML._AC_SY355_.jpg
B08L4CLVG1,Keyboard,"Wireless Keyboard and Mouse, Jelly Comb 2.4Hz Ergonomic Full-Sized Keyboard with Palm Rest and Wireless Mouse for PC, Laptop, Windows XP/7/8/10-Black",$25.99 ,222,4.4,https://images-na.ssl-images-amazon.com/images/I/61brUolz8HL._AC_SY355_.jpg
B08L61WLW7,Keyboard,Corsair K60 RGB Pro Mechanical Gaming Keyboard - CHERRY Mechanical Keyswitches - Durable AluminumFrame - Customizable Per-Key RGB Backlighting,$79.95 ,304,4.5,https://images-na.ssl-images-amazon.com/images/I/81RW7vByk0L._AC_SY450_.jpg
B08KZSCRL4,Keyboard,"Multi-Device Bluetooth Keyboard - Jelly Comb Rechargeable Keyboard Compatible with iOS, Android, Mac OS and Windows, 7-Colors Backlit",$49.99 ,225,4.7,https://images-na.ssl-images-amazon.com/images/I/618kDOJEY2L._AC_SY450_.jpg
B004F34TC8,Keyboard,"Rosewill 104 Normal Keys 12 Function Keys USB Wired Multimedia Keyboard, Black (RK-700M)",$12.99 ,84,4.3,https://images-na.ssl-images-amazon.com/images/I/71hlfbbO05L._AC_SX450_.jpg
B079JD7F7G,Router,"TP-Link AC1750 Smart WiFi Router (Archer A7) -Dual Band Gigabit Wireless Internet Router for Home, Works with Alexa, VPN Server, Parental Control, QoS",$57.99 ,"45,651",4.5,https://images-na.ssl-images-amazon.com/images/I/51R2a9p-vNL._AC_SY450_.jpg
B08H8ZLKKK,Router,"TP-Link WiFi 6 Router AX1800 Smart WiFi Router (Archer AX21) ‚Äì Dual Band Gigabit Router, Works with Alexa - A Certified for Humans Device",$89.99 ,"8,296",4.5,https://images-na.ssl-images-amazon.com/images/I/61O4qvVY6XL._AC_SX466_.jpg
B07N1L5HX1,Router,"TP-Link AC1200 Gigabit WiFi Router (Archer A6) - 5GHz Dual Band Mu-MIMO Wireless Internet Router, Supports Guest WiFi and AP mode, Long Range Coverage",$39.99 ,"13,987",4.5,https://images-na.ssl-images-amazon.com/images/I/61vPhw-7BxL._AC_SY450_.jpg
B00R2AZLD2,Router,"NETGEAR Nighthawk Smart Wi-Fi Router, R6700 - AC1750 Wireless Speed Up to 1750 Mbps | Up to 1500 Sq Ft Coverage & 25 Devices | 4 x 1G Ethernet and 1 x 3.0 USB Ports | Armor Security",$91.80 ,"73,223",4.3,https://images-na.ssl-images-amazon.com/images/I/61FA9BbugzL._AC_SY450_.jpg
B0756QFLXP,Router,"NETGEAR Wi-Fi Router (R6230) - AC1200 Dual Band Wireless Speed (Up to 1200 Mbps), Up to 1200 Square Feet Coverage & 20 Devices, 4 x 1G Ethernet and 1 x 2.0 USB Ports",$49.99 ,"11,263",4.4,https://images-na.ssl-images-amazon.com/images/I/51N7ymmoTiL._AC_SX450_.jpg
B08BJJ3RGW,Router,"ASUS AX5400 WiFi 6 Gaming Router (RT-AX82U) - Dual Band Gigabit Wireless Internet Router, AURA RGB, Gaming & Streaming, AiMesh Compatible, Included Lifetime Internet Security",$229.99 ,442,4.7,https://images-na.ssl-images-amazon.com/images/I/71hOOAPdawL._AC_SX450_.jpg
B08KTWXCZT,Router,"NETGEAR Nighthawk 8-Stream Tri-band AX8 WiFi 6 Router (RAX70) ‚Äì AX6600 Wireless Speed (Up to 6.6 Gbps) | 2,500 sq. ft. Coverage",$299.99 ,"7,694",4.1,https://images-na.ssl-images-amazon.com/images/I/51JG3brnqxL._AC_SY450_.jpg
B084BNH26P,Router,"ASUS WiFi 6 Router (RT-AX3000) - Dual Band Gigabit Wireless Internet Router, Gaming & Streaming, AiMesh Compatible, Included Lifetime Internet Security, Parental Control, MU-MIMO, OFDMA",$159.97 ,"1,623",4.5,https://images-na.ssl-images-amazon.com/images/I/612hmvIqC4L._AC_SY450_.jpg
B08C3YBBHM,Router,"TP-Link AC1900 Smart WiFi Router (Archer A8) -High Speed MU-MIMO Wireless Router, Dual Band Router for Wireless Internet, Gigabit, Supports Guest WiFi",$79.99 ,"3,063",4.6,https://images-na.ssl-images-amazon.com/images/I/61NSuBZzm7L._AC_SX466_.jpg
B07628HLTM,Router,"ASUS AC1700 WiFi Router (RT-ACRH17) - Dual Band Gigabit Wireless Router, 4 GB Ports, USB 3.0 Port, Gaming & Streaming, Easy Setup, Parental Control, MU-MIMO",$89.99 ,"2,131",4.5,https://images-na.ssl-images-amazon.com/images/I/71m90SqaD7L._AC_SY450_.jpg
B07NF3K74H,Router,"TP-Link AC1900 Smart WiFi Router (Archer A9) - High Speed MU-MIMO Wireless Router, Dual Band, Gigabit, VPN Server, Beamforming, Smart Connect, Works with Alexa, Black",$79.99 ,"6,304",4.4,https://images-na.ssl-images-amazon.com/images/I/61uTV%2BEdeyL._AC_SY450_.jpg
B08J2F6732,Router,"Linksys MR9000 Mesh Wi-Fi Router (Tri-Band Router, Wireless Mesh Router for Home AC3000), Future-Proof MU-Mimo Fast Wireless Router (Renewed)",$124.00 ,112,4.4,https://images-na.ssl-images-amazon.com/images/I/61qEwc%2Bv5sL._AC_SY355_.jpg
B08LMQLG7X,Router,"Linksys AX3200 Wi-Fi 6 Router for Home Networking, Dual Band AX Wireless Gigabit WiFi Router, Fast Speeds up to 3.2 Gbps and Coverage up to 2,500 sq ft, Parental Controls, Maximum 25 Devices (E8450)",$149.99 ,69,4.2,https://images-na.ssl-images-amazon.com/images/I/51fmtsELPzL._AC_SY450_.jpg
B085288G3M,Router,"TP-Link WiFi 6 Router AX1800 Smart WiFi Router (Archer AX20) ‚Äì 802.11ax Router, Dual Band Gigabit Router, Parental Controls, Long Range Coverage",$99.99 ,"6,033",4.5,https://images-na.ssl-images-amazon.com/images/I/61Ms%2B-j04JL._AC_SY355_.jpg
B082CCCQHH,Router,NETGEAR Nighthawk Smart WiFi Router AC2400 Up to 2500 Sq Ft Coverage 4 GIGABIT Ports 3.0 USB and Extreme WiFi Speed for Gaming and 4K UHD Video Streaming‚ÄîUp to 2400Mbps. R7350,-1,1,5,https://images-na.ssl-images-amazon.com/images/I/51RepQd4kzL._AC_SX355_.jpg
B0752FD3XJ,Router,"ASUS AC2900 WiFi Gaming Router (RT-AC86U) - Dual Band Gigabit Wireless Internet Router, WTFast Game Accelerator, Streaming, AiMesh Compatible, Included Lifetime Internet Security, Adaptive QoS",$169.99 ,"3,798",4.4,https://images-na.ssl-images-amazon.com/images/I/61LfuUIynRL._AC_SY450_.jpg
B08LMQLG7X,Router,"Linksys AX3200 Wi-Fi 6 Router for Home Networking, Dual Band AX Wireless Gigabit WiFi Router, Fast Speeds up to 3.2 Gbps and Coverage up to 2,500 sq ft, Parental Controls, Maximum 25 Devices (E8450)",$149.99 ,69,4.2,https://images-na.ssl-images-amazon.com/images/I/51fmtsELPzL._AC_SY450_.jpg
B00FB45SI4,Router,"ASUS AC1900 WiFi Gaming Router (RT-AC68U) - Dual Band Gigabit Wireless Internet Router, Gaming & Streaming, AiMesh Compatible, Included Lifetime Internet Security, Adaptive QoS, Parental Control",$117.76 ,"8,331",4.4,https://images-na.ssl-images-amazon.com/images/I/71DCrixJSdL._AC_SY450_.jpg
B08KTWXCZT,Router,"NETGEAR Nighthawk 8-Stream Tri-band AX8 WiFi 6 Router (RAX70) ‚Äì AX6600 Wireless Speed (Up to 6.6 Gbps) | 2,500 sq. ft. Coverage",$299.99 ,"7,694",4.1,https://images-na.ssl-images-amazon.com/images/I/51JG3brnqxL._AC_SY450_.jpg
B07YD49FZT,Router,"ASUS AX6100 WiFi 6 Gaming Router (RT-AX92U) - Tri-Band Gigabit Wireless Internet Router, Gaming & Streaming, AiMesh Compatible, Included Lifetime Internet Security, Adaptive QoS",$204.81 ,456,4.4,https://images-na.ssl-images-amazon.com/images/I/51JtbflMJiL._AC_SY450_.jpg
B06X1CHFJ5,Router,,-1,-1,-1,
B08C5NM4QM,Router,"Linksys AC2600 Smart Wi-Fi Router for Home Network, MU-MIMO Dual Band Wireless Gigabit WiFi Router, Fast Speeds up to 2.6 Gbps, coverage up to 1,800 sq ft, Parental Controls, up to 15 devices (EA8100)",-1,80,4.5,https://images-na.ssl-images-amazon.com/images/I/515kZh9QgYL._AC_SY450_.jpg
B08PPSCRGN,Router,Ancatus-WiFi 6 Wireless Computer Router AX1800 1.8Gbps Gigabit MU-MIMO OFDMA 802.11ax Dual Band Internet Router Long Range Gaming Router WPA3 Ethernet Firewall Ipv6 2100 sq.ft,-1,29,4.9,https://images-na.ssl-images-amazon.com/images/I/617BUrsvPbL._AC_SY355_.jpg
B08CY6ZKGR,Router,"Linksys AC1900 Smart Wi-Fi Router Home Network, MU-MIMO Dual Band Wireless Gigabit WiFi Router, Fast Speeds up to 1.9 Gbps, Coverage up to 1,500 sq ft, Parental Control, up to 15 Devices (EA7500-4B)",$99.67 ,79,4.3,https://images-na.ssl-images-amazon.com/images/I/616itTrf7PL._AC_SY450_.jpg
B085288G3M,Router,"TP-Link WiFi 6 Router AX1800 Smart WiFi Router (Archer AX20) ‚Äì 802.11ax Router, Dual Band Gigabit Router, Parental Controls, Long Range Coverage",$99.99 ,"6,033",4.5,https://images-na.ssl-images-amazon.com/images/I/61Ms%2B-j04JL._AC_SY355_.jpg
B001FWYGJS,Router,"TP-Link N300 Wireless Extender, Wi-Fi Router (TL-WR841N) - 2 x 5dBi High Power Antennas, Supports Access Point, WISP, Up to 300Mbps",-1,"53,106",4.2,https://images-na.ssl-images-amazon.com/images/I/51QMHdyFiOL._AC_SY450_.jpg
B01LXL1AR8,Router,"ASUS AC1300 WiFi Router (RT-ACRH13) - Dual Band Gigabit Wireless Router, 4 GB Ports, USB 3.0 Port, Gaming & Streaming, Easy Setup, Parental Control, MU-MIMO",$69.99 ,"5,046",4.4,https://images-na.ssl-images-amazon.com/images/I/71x-ommIG7L._AC_SY450_.jpg
B07RKYQGG4,Router,"TP-Link AC1200 WiFi Router (Archer A5) - Dual Band Wireless Internet Router, 4 x 10/100 Mbps Fast Ethernet Ports, Supports Guest WiFi, Access Point Mode, IPv6 and Parental Controls",$29.99 ,"4,267",4.4,https://images-na.ssl-images-amazon.com/images/I/51Ipyr-5fSL._AC_SY450_.jpg
B08XXMZ6KB,Router,"Victure Wi-Fi Router for Wireless Internet, AC1200 Dual Band Gigabit Home Router, Gigabit LAN Ports, Supports Guest Wi-Fi, Parental Control, WISP and AP Mode",$42.99 ,21,5,https://images-na.ssl-images-amazon.com/images/I/61LzxnyCpZL._AC_SY355_.jpg
B07L9282JK,Router,"Linksys AC2200 Smart Mesh Wi-Fi Router for Home Mesh Networking, MU-MIMO Tri-Band Wireless Gigabit Mesh Router, Fast Speeds up to 2.2 Gbps, coverage up to 2,000 sq ft, up to 20 devices (MR8300)",-1,"3,274",4.5,https://images-na.ssl-images-amazon.com/images/I/61BEYsbrtlL._AC_SY450_.jpg
B08NBW5WKZ,Router,"WiFi Router- AC2100 Dual-Band Smart Wi-Fi Router Upgrades to 2033 Mbps (5G) High-speed, Features MU-MIMO, 4 Gigabit LAN Ports, ONE SSID, Parental Control, Lifetime Internet Security for Video & Gaming",-1,107,4.3,https://images-na.ssl-images-amazon.com/images/I/71exBHYqAuL._AC_SY355_.jpg
B08J2F6732,Router,"Linksys MR9000 Mesh Wi-Fi Router (Tri-Band Router, Wireless Mesh Router for Home AC3000), Future-Proof MU-Mimo Fast Wireless Router (Renewed)",$124.00 ,112,4.4,https://images-na.ssl-images-amazon.com/images/I/61qEwc%2Bv5sL._AC_SY355_.jpg
B07RF1XD36,Laptop,"Acer Aspire 5 Slim Laptop, 15.6 inches Full HD IPS Display, AMD Ryzen 3 3200U, Vega 3 Graphics, 4GB DDR4, 128GB SSD, Backlit Keyboard, Windows 10 in S Mode, A515-43-R19L, Silver",$364.99 ,"27,043",4.6,https://images-na.ssl-images-amazon.com/images/I/71vvXGmdKWL._AC_SX450_.jpg
B08529BZSQ,Laptop,"HP Chromebook 14-inch HD Laptop, Intel Celeron N4000, 4 GB RAM, 32 GB eMMC, Chrome (14a-na0020nr, Ceramic White)",-1,"2,533",4.6,https://images-na.ssl-images-amazon.com/images/I/91XR%2B02AJBL._AC_SX355_.jpg
B08529TZMC,Laptop,"HP Chromebook 14-inch HD Laptop, Intel Celeron N4000, 4 GB RAM, 32 GB eMMC, Chrome (14a-na0010nr, Mineral Silver)",-1,"1,328",4.5,https://images-na.ssl-images-amazon.com/images/I/91shKLxoedL._AC_SX450_.jpg
B08QXJM323,Laptop,"2021 HP Stream 14"" HD Thin and Light Laptop, Intel Celeron N4000 Processor, 4GB RAM, 64GB eMMC, HDMI, Webcam, WiFi, Bluetooth, 1 Year Microsoft 365, Windows 10 S, Rose Pink, W/ IFT Accessories",$409.95 ,53,4.6,https://images-na.ssl-images-amazon.com/images/I/51HSEWdaL8L._AC_SX355_.jpg
B081V6W99V,Laptop,"ASUS Laptop L210 Ultra Thin Laptop, 11.6‚Äù HD Display, Intel Celeron N4020 Processor, 4GB RAM, 64GB Storage, NumberPad, Windows 10 Home in S Mode with One Year of Microsoft 365 Personal, L210MA-DB01",$225.99 ,"6,713",4.3,https://images-na.ssl-images-amazon.com/images/I/810BY5U9baL._AC_SY450_.jpg
B08X1D9WWJ,Laptop,"2021 Newest Dell Inspiron 3000 Laptop, 15.6 HD LED-Backlit Display, Intel Celeron Processor N4020, 8GB DDR4 RAM, 128GB PCIe SSD, Online Meeting Ready, Webcam, WiFi, HDMI, Bluetooth, Win10 Home, Black",$439.00 ,71,4.3,https://images-na.ssl-images-amazon.com/images/I/81UtZBSGhwL._AC_SX355_.jpg
B08PDJGBDJ,Laptop,Lenovo IdeaPad S340 15.6 Full HD Touchscreen AMD Ryzen 7 3700U 12GB RAM 512GB SSD Laptop,-1,27,4.7,https://images-na.ssl-images-amazon.com/images/I/91-5zrCXE4L._AC_SX425_.jpg
B08JWNVBK2,Laptop,HP Laptop Intel Celeron N4020 4GB DDR4 SDRAM 64GB eMMC 14 inch HD LED Display Microsoft 365 1 Year Subscription (White),$298.00 ,68,4.4,https://images-na.ssl-images-amazon.com/images/I/51sX9Nbm7YL._AC_SX425_.jpg
B08V1NQ8S9,Laptop,"ASUS VivoBook 17.3"" FHD IPS LED Backlight Premium Laptop | AMD Ryzen3 3250U | 8GB DDR4 RAM | 256GB SSD | USB Type-C | WiFi | HDMI | Windows 10",$489.00 ,22,4.3,https://images-na.ssl-images-amazon.com/images/I/61cEL7MnmWL._AC_SX425_.jpg
B08H6YZY3Y,Laptop,"HP Chromebook 11-inch Laptop - Up to 15 Hour Battery Life - MediaTek - MT8183 - 4 GB RAM - 32 GB eMMC Storage - 11.6-inch HD Display - with Chrome OS - (11a-na0021nr, 2020 Model, Snow White)",$235.00 ,682,4.6,https://images-na.ssl-images-amazon.com/images/I/716Daz3br%2BL._AC_SX466_.jpg
B084SD48S7,Laptop,"HP Stream 14-inch Laptop, Intel Celeron N4000, 4 GB RAM, 32 GB eMMC, Windows 10 Home in S Mode with Office 365 Personal for 1 Year (14-cb181nr, Royal Blue), Model Number: 9MV82UA#ABA",$290.00 ,"2,859",4.5,https://images-na.ssl-images-amazon.com/images/I/81RCOr3hJOL._AC_SX450_.jpg
B08W2SJRZM,Laptop,"ASUS TUF Gaming A15 Gaming Laptop, 15.6‚Äù 144Hz Full HD IPS-Type Display, AMD Ryzen 5 4600H, GeForce GTX 1650 Ti, 8GB DDR4, 512GB PCIe SSD, RGB Keyboard, Windows 10 Home, Bonfire Black, FA506II-AS53",$799.99 ,4,5,https://images-na.ssl-images-amazon.com/images/I/A1A2yQlAXCL._AC_SX425_.jpg
B08CMB8F7C,Laptop,"HP 14 Laptop, AMD 3020e, 4 GB RAM, 64 GB eMMC Storage, 14-inch HD Display, Windows 10 Home in S Mode, Long Battery Life, Microsoft 365, (14-fq0010nr, 2020)",$325.99 ,742,4.5,https://images-na.ssl-images-amazon.com/images/I/81HWnf-usnL._AC_SY606_.jpg
B08NWDG75T,Laptop,"HP 15.6 inch HD LED Display Laptop 2020 (Intel Pentium Gold 6405U Processor, 4 GB DDR4 RAM, 128 GB SSD, HDMI, Webcam, WI-FI, Windows 10 S) Scarlet Red (Renewed)",$315.00 ,7,4.8,https://images-na.ssl-images-amazon.com/images/I/712C0sFQCUL._AC_SY355_.jpg
B07H5B75SY,Laptop,"Asus Chromebook C223 Laptop- 11.6"", Intel Dual-Core Celeron N3350 Processor (Up to 2.4GHz) 4GB RAM, 32GB eMMC Storage- C223NA-DH02-RD Red",$229.00 ,651,4.2,https://images-na.ssl-images-amazon.com/images/I/81Yv8JCqabL._AC_SY450_.jpg
B07GCSDP5H,Laptop,"HP EliteBook 840 G3 14in Laptop, Core i5-6300U 2.4GHz, 16GB Ram, 500GB SSD, Windows 10 Pro 64bit (Renewed)",$403.00 ,107,4.3,https://images-na.ssl-images-amazon.com/images/I/71RQ5diWY7L._AC_SY355_.jpg
B087RTV311,Laptop,"Acer Aspire 5 A515-55-56VK, 15.6"" Full HD IPS Display, 10th Gen Intel Core i5-1035G1, 8GB DDR4, 256GB NVMe SSD, Intel Wireless WiFi 6 AX201, Fingerprint Reader, Backlit Keyboard, Windows 10 Home",$549.99 ,"1,273",4.6,https://images-na.ssl-images-amazon.com/images/I/81AdDRxcO7L._AC_SX355_.jpg
B08H2H89K1,Laptop,"Acer Nitro 5 Gaming Laptop, 10th Gen Intel Core i5-10300H,NVIDIA GeForce GTX 1650 Ti, 15.6"" Full HD IPS 144Hz Display, 8GB DDR4,256GB NVMe SSD,WiFi 6, DTS X Ultra,Backlit Keyboard,AN515-55-59KS",$708.08 ,"1,739",4.6,https://images-na.ssl-images-amazon.com/images/I/81Z8NvO2TFL._AC_SX355_.jpg
B01F5PSKGA,Laptop,"Acer C720 11.6in Chromebook Intel Celeron 1.40GHz Dual Core Processor, 2GB RAM, 16GB W/Chrome OS (Renewed)",$148.98 ,310,4,https://images-na.ssl-images-amazon.com/images/I/51sp7mHlGpL._AC_SY355_.jpg
B08HSNRFTX,Laptop,Dell Inspiron 3583 15‚Äù Laptop Intel Celeron ‚Äì 128GB SSD ‚Äì 4GB DDR4 ‚Äì 1.6GHz - Intel UHD Graphics 610 - Windows 10 Home - Inspiron 15 3000 Series - New,$345.90 ,80,4.4,https://images-na.ssl-images-amazon.com/images/I/7150w5ZxZ9L._AC_SX425_.jpg
B08HCM9RRN,Laptop,"HP 17.3"" Non-Touch Laptop Intel 10th Gen i5-1035G1, 1TB Hard Drive, 12GB Memory, DVD Writer, Backlit Keyboard, Windows 10 Home Silver",$697.00 ,93,4.5,https://images-na.ssl-images-amazon.com/images/I/61IMApAABPL._AC_SX425_.jpg
B08H4YTTLP,Laptop,"ASUS VivoBook 15 F515 Thin and Light Laptop, 15.6‚Äù FHD Display, Intel Core i3-1005G1 Processor, 4GB DDR4 RAM, 128GB PCIe SSD, Fingerprint Reader, Windows 10 Home in S Mode, Slate Grey, F515JA-AH31",$349.99 ,"3,197",4.5,https://images-na.ssl-images-amazon.com/images/I/81oVSSITRQL._AC_SX450_.jpg
B08T5VRPLK,Laptop,"2021 Newest HP Stream 11.6"" HD Laptop Computer, Intel Celeron N4020 Processor, 4GB RAM, 64GB eMMC Flash Memory, 1-Year Office 365, HDMI, Bluetooth, Windows 10, Pink, AllyFlex MP, Online Class Ready",$319.00 ,120,4.6,https://images-na.ssl-images-amazon.com/images/I/51ZpUuQjKGL._AC_SX355_.jpg
B07M8QVTK1,Laptop,"HP Chromebook 14-inch Laptop with 180-Degree -Hinge, Touchscreen Display, AMD Dual-Core A4-9120 Processor, 4 GB SDRAM, 32 GB eMMC Storage, Chrome OS (14-db0090nr, Ink Blue)",$279.00 ,"3,878",4.4,https://images-na.ssl-images-amazon.com/images/I/91U944ASZ3L._AC_SX355_.jpg
B0894DBTRV,Laptop,Newest HP Pavilion Intel Pentium Silver N5000 4GB 128GB SSD Windows 10 Laptop Red,$378.99 ,"1,046",4.5,https://images-na.ssl-images-amazon.com/images/I/717ywJDnAHL._AC_SY355_.jpg
B07YNK3R68,Laptop,"Microsoft Surface Laptop 3 ‚Äì 13.5"" Touch-Screen ‚Äì Intel Core i5 - 8GB Memory - 128GB Solid State Drive (Latest Model) ‚Äì Platinum with Alcantara",-1,"1,514",4.5,https://images-na.ssl-images-amazon.com/images/I/71h6PpGaz9L._AC_SX355_.jpg
B08N38VPL7,Laptop,"HP 15 Laptop, AMD Ryzen 3 3250U Processor, 8 GB RAM, 256 GB SSD Storage, 15.6-inch HD Micro-Edge Display, Windows 10 Home, Long-Lasting Battery, HP Fast Charge, 720p Webcam (15-ef1021nr, 2020)",$485.99 ,367,4.6,https://images-na.ssl-images-amazon.com/images/I/71L5ugv8QWL._AC_SX466_.jpg
B08KGZ79N6,Laptop,"HP 15 Laptop, 11th Gen Intel Core i5-1135G7 Processor, 8 GB RAM, 256 GB SSD Storage, 15.6‚Äù Full HD IPS Display, Windows 10 Home, HP Fast Charge, Lightweight Design (15-dy2021nr, 2020)",$629.00 ,228,4.4,https://images-na.ssl-images-amazon.com/images/I/81skV7BufjL._AC_SX425_.jpg
B08KGYDR16,Laptop,"HP Pavilion 15 Laptop, 11th Gen Intel Core i7-1165G7 Processor, 16 GB RAM, 512 GB SSD Storage, Full HD IPS Micro-Edge Display, Windows 10 Pro, Compact Design, Long Battery Life (15-eg0021nr, 2020)",-1,873,4.5,https://images-na.ssl-images-amazon.com/images/I/7156VgoIhdL._AC_SY450_.jpg
B08HHT31TS,Laptop,"2020 HP 15.6"" HD LED Display Laptop, Intel Pentium Gold 6405U Processor, 4GB DDR4 RAM, 128GB SSD, HDMI, Webcam, WI-FI, Windows 10 S, Scarlet Red",-1,489,4.6,https://images-na.ssl-images-amazon.com/images/I/717ywJDnAHL._AC_SX425_.jpg
B08PQFKHC7,Laptop,"2020 HP Stream 11.6 inch Laptop Computer Intel Celeron N4020 Upto 2.8 GHz, 4GB RAM, 32GB eMMC Storage, Windows 10 Home, 13Hr Battery Life, Office 365 1Year, (Rose Pink)",$315.00 ,23,4.7,https://images-na.ssl-images-amazon.com/images/I/6110B7pFn3L._AC_SX425_.jpg
B08HLD598L,Laptop,"Lenovo IdeaPad 3 15.6 Laptop, AMD Ryzen 5 3500U 8GB Memory, 256GB SSD, Windows 10",$499.00 ,15,4.5,https://images-na.ssl-images-amazon.com/images/I/715VAnEIW5L._AC_SX425_.jpg
B083ZZ96PT,Printer,"HP ENVY 6055 Wireless All-in-One Printer, Mobile Print, Scan & Copy, Works with Alexa (5SE16A)",-1,"7,105",4.4,https://images-na.ssl-images-amazon.com/images/I/71JC-HTuqcL._AC_SY355_.jpg
B083ZY9FJG,Printer,"HP DeskJet Plus 4155 Wireless All-in-One Printer, Mobile Print, Scan & Copy, HP Instant Ink Ready, Auto Document Feeder, Works with Alexa (3XV13A)",-1,"7,212",4,https://images-na.ssl-images-amazon.com/images/I/71Gt4JY7SCL._AC_SX355_.jpg
B08FF2X3PV,Printer,"Canon TR8620 All-In-One Printer For Home Office | Copier |Scanner| Fax |Auto Document Feeder | Photo and Document Printing | Airprint (R) and Android Printing, Black",-1,656,4.4,https://images-na.ssl-images-amazon.com/images/I/81u9Oh1hgPL._AC_SX355_.jpg
B08PCCXXJ2,Printer,Canon TS3322 Wireless All in One Printer - White,$89.00 ,657,4.2,https://images-na.ssl-images-amazon.com/images/I/71-HLKNR6TL._AC_SX355_.jpg
B010A7TZJY,Printer,"Canon PIXMA MG3620 Wireless All-In-One Color Inkjet Printer with Mobile and Tablet Printing, White",$118.00 ,"12,833",4.2,https://images-na.ssl-images-amazon.com/images/I/81RqWNwR39L._AC_SX450_.jpg
B078X1DQ2Y,Printer,"Canon TS202 Inkjet Photo Printer, Black",-1,"2,455",4,https://images-na.ssl-images-amazon.com/images/I/91DlzPRjSaL._AC_SX355_.jpg
B07W7FF8QQ,Printer,,-1,-1,-1,
B07PX8LFHC,Printer,"Epson EcoTank ET-4760 Wireless Color All-in-One Cartridge-Free Supertank Printer with Scanner, Copier, Fax, ADF and Ethernet - Black",-1,"5,739",4.4,https://images-na.ssl-images-amazon.com/images/I/81dR5XQnLtL._AC_SY355_.jpg
B083ZYLGGR,Printer,"HP Color LaserJet Pro M283fdw Wireless All-in-One Laser Printer, Remote Mobile Print, Scan & Copy, Duplex Printing, Works with Alexa (7KW75A)",-1,"1,468",4.6,https://images-na.ssl-images-amazon.com/images/I/61gEX8fpnpL._AC_SX355_.jpg
B07DL838W9,Printer,Brother MFC-J497DW Inkjet Multifunction Printer - Color - Plain Paper Print - Desktop,$165.00 ,782,4.4,https://images-na.ssl-images-amazon.com/images/I/513mkc3wKDL._AC_SY355_.jpg
B083ZZMLQS,Printer,"HP ENVY Pro 6455 Wireless All-in-One Printer, Mobile Print, Scan & Copy, Auto Document Feeder, Works with Alexa (5SE45A)",-1,"5,669",4.4,https://images-na.ssl-images-amazon.com/images/I/71C6bu2yzpL._AC_SX355_.jpg
B07N1DF9VV,Printer,"HP OfficeJet Pro 9015 All-in-One Wireless Printer, with Smart Home Office Productivity, HP Instant Ink, Works with Alexa (1KR42A)",-1,"8,386",4.4,https://images-na.ssl-images-amazon.com/images/I/71yIsCOOIAL._AC_SX355_.jpg
B08BHDWM2R,Printer,"HP Envy 6075 Wireless All-in-One Printer, Includes 2 Years of Ink Delivered, Mobile Print, Scan & Copy, Compatible with Alexa (8QQ97A)",-1,176,4.3,https://images-na.ssl-images-amazon.com/images/I/710rUw1kSeL._AC_SY355_.jpg
B074P4T1FT,Printer,"HP ENVY Photo 7855 All in One Photo Printer with Wireless Printing, HP Instant Ink ready, Works with Alexa (K7R96A)",-1,"4,484",4.4,https://images-na.ssl-images-amazon.com/images/I/81UewG86z7L._AC_SY355_.jpg
B08NY2YNCR,Printer,"HP Envy Pro 6458 All-in-One Color Inkjet Printer, Copy, Scan, Mobile fax, Instant Ink Ready, 5SE48A (Renewed)",$109.00 ,42,3.9,https://images-na.ssl-images-amazon.com/images/I/61pFNm4nDPL._AC_SY355_.jpg
B074P4ZS68,Printer,"HP ENVY Photo 7155 All in One Photo Printer with Wireless Printing, HP Instant Ink or Amazon Dash Replenishment Ready (K7G93A)",-1,"3,684",4.4,https://images-na.ssl-images-amazon.com/images/I/71z66FhVWqL._AC_SY355_.jpg
B07PX8LFHC,Printer,"Epson EcoTank ET-4760 Wireless Color All-in-One Cartridge-Free Supertank Printer with Scanner, Copier, Fax, ADF and Ethernet - Black",-1,"5,739",4.4,https://images-na.ssl-images-amazon.com/images/I/81dR5XQnLtL._AC_SY355_.jpg
B08PCCXXJ2,Printer,Canon TS3322 Wireless All in One Printer - White,$89.00 ,657,4.2,https://images-na.ssl-images-amazon.com/images/I/71-HLKNR6TL._AC_SX355_.jpg
B074P4T1FT,Printer,"HP ENVY Photo 7855 All in One Photo Printer with Wireless Printing, HP Instant Ink ready, Works with Alexa (K7R96A)",-1,"4,484",4.4,https://images-na.ssl-images-amazon.com/images/I/81UewG86z7L._AC_SY355_.jpg
B083ZYLGGR,Printer,"HP Color LaserJet Pro M283fdw Wireless All-in-One Laser Printer, Remote Mobile Print, Scan & Copy, Duplex Printing, Works with Alexa (7KW75A)",-1,"1,468",4.6,https://images-na.ssl-images-amazon.com/images/I/61gEX8fpnpL._AC_SX355_.jpg
B074P4ZS68,Printer,"HP ENVY Photo 7155 All in One Photo Printer with Wireless Printing, HP Instant Ink or Amazon Dash Replenishment Ready (K7G93A)",-1,"3,684",4.4,https://images-na.ssl-images-amazon.com/images/I/71z66FhVWqL._AC_SY355_.jpg
B0844PNL78,Printer,"HP Neverstop All-in-One Laser Printer 1202w, Wireless Laser with Cartridge-Free Monochrome-Toner-Tank (5HG92A)",-1,"1,225",4.3,https://images-na.ssl-images-amazon.com/images/I/51TqWgpfXmL._AC_SX355_.jpg
B079QRKWLX,Printer,"HP LaserJet Pro M15w Wireless Laser Printer, Works with Alexa (W2G51A)",-1,"5,121",4.5,https://images-na.ssl-images-amazon.com/images/I/51uycaCzskL._AC_SX355_.jpg
B0763ZCH7K,Printer,"Brother Monochrome Laser Printer, Compact All-In One Printer, Multifunction Printer, MFCL2710DW, Wireless Networking and Duplex Printing, Amazon Dash Replenishment Ready",$199.99 ,"9,412",4.5,https://images-na.ssl-images-amazon.com/images/I/51zaBwi4cuL._AC_SY355_.jpg
B07C4V4WWF,Printer,"Brother Wireless All-in-One Inkjet Printer, MFC-J491DW, Multi-function Color Printer, Duplex Printing, Mobile Printing,Amazon Dash Replenishment Enabled, Black, 8.5 (MFCJ491DW)",-1,"4,213",4.3,https://images-na.ssl-images-amazon.com/images/I/71fmFhdA3oL._AC_SY355_.jpg
B07DL838W9,Printer,Brother MFC-J497DW Inkjet Multifunction Printer - Color - Plain Paper Print - Desktop,$165.00 ,782,4.4,https://images-na.ssl-images-amazon.com/images/I/513mkc3wKDL._AC_SY355_.jpg
B00MWDUXZ0,Printer,"Canon Image CLASS LBP6230dw Wireless Laser Printer, White, Space Saving",-1,"2,514",4.2,https://images-na.ssl-images-amazon.com/images/I/61zf1bjgNnL._AC_SX355_.jpg
B07DLWM1JQ,Printer,"HP LaserJet Pro M29w Wireless All-in-One Laser Printer, Works with Alexa (Y5S53A)",-1,"3,175",4.5,https://images-na.ssl-images-amazon.com/images/I/71N7y7DHrCL._AC_SX450_.jpg
B079GWK2Q3,Printer,"Epson Expression Home XP-5100 Wireless Color Photo Printer with Scanner & Copier, Amazon Dash Replenishment Ready",$140.00 ,92,3.8,https://images-na.ssl-images-amazon.com/images/I/81M6CTeCj9L._AC_SX355_.jpg
B082VY2RMY,Printer,"Lexmark B3340dw Monochrome Laser Printer with Full-Spectrum Security and Print Speed up to 40 ppm(29S0250), Gray/White, Small",$176.22 ,395,4.1,https://images-na.ssl-images-amazon.com/images/I/61KJNn6ChKL._AC_SX355_.jpg
B07FN93WW7,Printer,"Epson Expression Premium XP-7100 Wireless Color Photo Printer with ADF, Scanner and Copier, Black",-1,"2,069",4.3,https://images-na.ssl-images-amazon.com/images/I/51-S3fwBYkL._AC_SX425_.jpg
B01LZ662EM,Printer,"Canon MG Series PIXMA MG2525 Inkjet Photo Printer with Scanner/Copier, Black",-1,"1,310",4.2,https://images-na.ssl-images-amazon.com/images/I/81ZM7jvHEKL._AC_SX450_.jpg
B07CRG94G3,Data Storage,"Seagate Portable 2TB External Hard Drive Portable HDD ‚Äì USB 3.0 for PC, Mac, PS4, & Xbox - 1-Year Rescue Service (STGX2000400)",$59.99 ,"116,561",4.7,https://images-na.ssl-images-amazon.com/images/I/81tjLksKixL._AC_SY450_.jpg
B0713WPGLL,Data Storage,"WD 4TB Elements Portable External Hard Drive HDD, USB 3.0, Compatible with PC, Mac, PS4 & Xbox - WDBU6Y0040BBK-WESN",$89.99 ,"149,134",4.7,https://images-na.ssl-images-amazon.com/images/I/71VB--jaeSL._AC_SY450_.jpg
B079D3D8NR,Data Storage,"Toshiba (HDTB420XK3AA) Canvio Basics 2TB Portable External Hard Drive USB 3.0, Black",$57.99 ,"32,230",4.7,https://images-na.ssl-images-amazon.com/images/I/910A6B1Sa4L._AC_SX355_.jpg
B076MPMZDV,Data Storage,"WD 6TB Elements Desktop Hard Drive HDD, USB 3.0, Compatible with PC, Mac, PS4 & Xbox - WDBWLG0060HBK-NESN",$124.88 ,"14,591",4.7,https://images-na.ssl-images-amazon.com/images/I/71MDGnNGWYL._AC_SY450_.jpg
B00JKM0A36,Data Storage,BUFFALO LinkStation 210 2TB Home Office Private Cloud Data Storage with Hard Drives Included,$119.99 ,"1,123",4.1,https://images-na.ssl-images-amazon.com/images/I/81xt-r21p2L._AC_SY450_.jpg
B01HD6ZLQ6,Data Storage,Seagate STEL8000100 Backup Plus Hub 8TB External Desktop Hard Drive Storage,$165.99 ,"7,536",4.5,https://images-na.ssl-images-amazon.com/images/I/51h0LDhlxUL._AC_SY355_.jpg
B08Z4HMN88,Data Storage,"External Hard Drive 1TB 2TB, Portable Hard Drive External USB 3.1/Type-C Slim Hard Drive Data Storage Compatible with PC, Laptop and Mac (2TB-Black)",$49.99 ,-1,-1,https://images-na.ssl-images-amazon.com/images/I/51cpUAaDLfL._AC_SY450_.jpg
B08X6P923G,Data Storage,Kaulrey USB Flash Drive 1TB USB 3.0 Flash Drive High Speed Thumb Drive Memory Stick Data Storage Drive 1TB Waterproof USB Stick Compatible with Computer/Laptop(1000gb),-1,16,3.5,https://images-na.ssl-images-amazon.com/images/I/51EWFWPfrKL._AC_SY355_.jpg
B07TZXPDXP,Data Storage,"2.5"" 500GB Ultra Slim Portable External Hard Drive Sengert USB3.0 Mobile HDD Storage Compatible for PC, Desktop, Laptop, Xbox One, Xbox 360(Black)",-1,499,4.6,https://images-na.ssl-images-amazon.com/images/I/316yARb9NXL._AC_SY355_.jpg
B00IRV005E,Data Storage,"LaCie LAC9000298 Rugged Mini 2TB External Hard Drive Portable HDD - USB 3.0 USB 2.0 Compatible, Drop Shock Dust Rain Resistant Shuttle Drive, For Mac And PC Computer Desktop Workstation PC Laptop",$89.99 ,"7,348",4.7,https://images-na.ssl-images-amazon.com/images/I/71-9sugQcUL._AC_SY450_.jpg
B07HCH26MC,Data Storage,"32GB Flash Drive Pack of 10 Thumb Drives Bulk, Kepmem Metal USB 2.0 Memory Sticks Swivel Pen Drive 32 GB, Portable Keychain Jump Drive Colorful Multipack Value Zip Drives for Data Storage",$29.99 ,"2,859",4.7,https://images-na.ssl-images-amazon.com/images/I/61FuZJvEdWL._AC_SX355_.jpg
B00TKFCYP0,Data Storage,"SanDisk 128GB Cruzer USB 2.0 Flash Drive - SDCZ36-128G-B35, Black/Red",$18.99 ,"33,686",4.7,https://images-na.ssl-images-amazon.com/images/I/61-zDI%2BhqyL._AC_SX450_.jpg
B07H2RR55Q,Data Storage,Seagate BarraCuda 2TB Internal Hard Drive HDD ‚Äì 3.5 Inch SATA 6Gb/s 7200 RPM 256MB Cache 3.5-Inch ‚Äì Frustration Free Packaging (ST2000DM008),$52.99 ,"55,701",4.7,https://images-na.ssl-images-amazon.com/images/I/71Czt9ypIbL._AC_SY355_.jpg
B08V8NW74H,Data Storage,"USB Flash Drive 2.0 USB Thumb Drives External Data Storage for Storing Photo/Video/Music/FileDrive with Rotated Design Memory Stick Storage for Computer/Laptop (1TB, Black)",$29.99 ,-1,-1,https://images-na.ssl-images-amazon.com/images/I/61RYb-O9%2BYL._AC_SX355_.jpg
B07DW1QS67,Data Storage,"AreTop 32GB Flash Drive 10 Pack, USB Flash Stick with Easy-Storage Bag Pen Drive Gig Stick Memory Stick USB2.0 Pendrive 32GB Thumb Drives for Fold Data Storage (10 PCS 32GB- 10 Mix-Colors)",-1,858,4.7,https://images-na.ssl-images-amazon.com/images/I/61JmcvZfU2L._AC_SY355_.jpg
B08YZ67B42,Data Storage,"USB3.1 Flash Drive (1TB) -Speed Data Storage Thumb Stick | Store Movies, Pictures, Files | PC, Smartphone, SupportÔºàGolden-2",$15.99 ,-1,-1,https://images-na.ssl-images-amazon.com/images/I/51tY1pyU1IL._AC_SY450_.jpg
B01HD6ZLIY,Data Storage,"Seagate Backup Plus Hub 4TB External Hard Drive Desktop HDD ‚Äì USB 3.0, for Computer Desktop Workstation PC Laptop Mac, 2 USB Ports, 2 Months Adobe CC Photography (STEL4000100), Model:STEL4000100",-1,"7,536",4.5,https://images-na.ssl-images-amazon.com/images/I/81l5JUeE9wL._AC_SY355_.jpg
B07KCR9LPT,Data Storage,"Aiibe 8 GB Flash Drive 10 Pack USB Flash Drives 8G USB 2.0 Memory Stick Thumb Drive Data Storage Swivel Keychain Design Pen Zip Drives Wholesale/Lot/Bulk (10 Pack, 8GB, Blue)",-1,257,4.7,https://images-na.ssl-images-amazon.com/images/I/61zX%2BO1Si5L._AC_SY355_.jpg
B07F285L1C,Data Storage,"Qubii Photo Storage Device, Auto Backup Photos & Videos, Photo Stick for iPhone [microSD Card Not Included]- White",$39.99 ,410,4.2,https://images-na.ssl-images-amazon.com/images/I/41bR3trI6tL._AC_SY450_.jpg
B08YZ67B42,Data Storage,"USB3.1 Flash Drive (1TB) -Speed Data Storage Thumb Stick | Store Movies, Pictures, Files | PC, Smartphone, SupportÔºàGolden-2",$15.99 ,-1,-1,https://images-na.ssl-images-amazon.com/images/I/51tY1pyU1IL._AC_SY450_.jpg
B07HCH26MC,Data Storage,"32GB Flash Drive Pack of 10 Thumb Drives Bulk, Kepmem Metal USB 2.0 Memory Sticks Swivel Pen Drive 32 GB, Portable Keychain Jump Drive Colorful Multipack Value Zip Drives for Data Storage",$29.99 ,"2,859",4.7,https://images-na.ssl-images-amazon.com/images/I/61FuZJvEdWL._AC_SX355_.jpg
B0758NHWS8,Data Storage,"SanDisk 256GB Ultra microSDXC UHS-I Memory Card with Adapter - 100MB/s, C10, U1, Full HD, A1, Micro SD Card - SDSQUAR-256G-GN6MA",$33.25 ,"661,009",4.7,https://images-na.ssl-images-amazon.com/images/I/619jta1rF4L._AC_SX450_.jpg
B00IRV005E,Data Storage,"LaCie LAC9000298 Rugged Mini 2TB External Hard Drive Portable HDD - USB 3.0 USB 2.0 Compatible, Drop Shock Dust Rain Resistant Shuttle Drive, For Mac And PC Computer Desktop Workstation PC Laptop",$89.99 ,"7,348",4.7,https://images-na.ssl-images-amazon.com/images/I/71-9sugQcUL._AC_SY450_.jpg
B07H2RR55Q,Data Storage,Seagate BarraCuda 2TB Internal Hard Drive HDD ‚Äì 3.5 Inch SATA 6Gb/s 7200 RPM 256MB Cache 3.5-Inch ‚Äì Frustration Free Packaging (ST2000DM008),$52.99 ,"55,701",4.7,https://images-na.ssl-images-amazon.com/images/I/71Czt9ypIbL._AC_SY355_.jpg
B00TKFCYP0,Data Storage,"SanDisk 128GB Cruzer USB 2.0 Flash Drive - SDCZ36-128G-B35, Black/Red",$18.99 ,"33,686",4.7,https://images-na.ssl-images-amazon.com/images/I/61-zDI%2BhqyL._AC_SX450_.jpg
B07VTW2LPX,Data Storage,"WD 4TB My Passport Portable External Hard Drive, Black - WDBPKJ0040BBK-WESN",$92.81 ,"33,795",4.7,https://images-na.ssl-images-amazon.com/images/I/714mh-4okdL._AC_SY355_.jpg
B08VHXS41R,Data Storage,"UnionSine 1TB Ultra Slim Portable External Hard Drive USB3.0 HDD Storage Compatible for PC, Desktop, Laptop, Xbox One, Xbox one, PS4(Black)",$48.79 ,26,4.5,https://images-na.ssl-images-amazon.com/images/I/61XVAme6q%2BL._AC_SY355_.jpg
B08K912MC7,Data Storage,"512 GB Micro SD Card with Adapter (Class 10 Speed) Memory Storage for Cameras, Tablets, Smartphones, and Laptops | Store Data, Music, Pictures, Video (red)",$24.99 ,"2,492",4.8,https://images-na.ssl-images-amazon.com/images/I/810IpB3sgYL._AC_SY355_.jpg
B00JES3MO0,Data Storage,"Enfain 16GB USB 2.0 Flash Memory Stick Drive Swivel Thumb Drives Bulk 10 Pack, with LED Indicator, 12 x Removable White Labels ( Black )",$26.80 ,"5,068",4.7,https://images-na.ssl-images-amazon.com/images/I/81Ee0FUmPPL._AC_SY355_.jpg
B083JT5JRZ,Data Storage,"iPhone Flash Drive for iPhone 256GB 4 in 1 USB Flash Drive Type c Flash Drive 3.0 YSeaWolf photostick Mobile for iPhone External Storage, Android, PC iPhone Picture Stick iPhone Memory Stick (Gold)",$18.95 ,"2,467",3.8,https://images-na.ssl-images-amazon.com/images/I/61IfnzBIDeL._AC_SY355_.jpg
B07MY4TJCM,Data Storage,"Seagate Backup Plus Slim 2TB External Hard Drive Portable HDD ‚Äì Light Blue USB 3.0 for PC Laptop and Mac, 1 year Mylio Create, 2 Months Adobe CC Photography (STHN2000402)",-1,"1,779",4.7,https://images-na.ssl-images-amazon.com/images/I/91JEr45ByQL._AC_SY355_.jpg
B0855LMP81,Data Storage,"Synology 2 bay NAS DiskStation DS220j (Diskless), 2-bay; 512MB DDR4",$185.13 ,"2,399",4.6,https://images-na.ssl-images-amazon.com/images/I/71FUj2j7ReL._AC_SX466_.jpg
B01MSYQWNY,Speaker,JBL FLIP 4 - Waterproof Portable Bluetooth Speaker - Black,$82.99 ,"71,205",4.8,https://images-na.ssl-images-amazon.com/images/I/61d5F64UDpL._AC_SY355_.jpg
B07XVFB67J,Speaker,"Bluetooth Speakers,MusiBaby Speaker,Outdoor, Portable,Waterproof,Wireless Speakers,Dual Pairing, Bluetooth 5.0,Loud Stereo,Booming Bass,1500 Mins Playtime for Home&Party Black",$26.93 ,"7,145",4.4,https://images-na.ssl-images-amazon.com/images/I/713Nb6CHS-L._AC_SY355_.jpg
B010OYASRG,Speaker,"OontZ Angle 3 Bluetooth Portable Speaker, Louder Volume, Crystal Clear Stereo Sound, Rich Bass, 100 Foot Wireless Range, Microphone, IPX5, Bluetooth Speakers (Black)",$25.99 ,"128,312",4.6,https://images-na.ssl-images-amazon.com/images/I/71evtyMeLiL._AC_SY355_.jpg
B08FDPW8KR,Speaker,"Ortizan Portable Bluetooth Speaker, IPX7 Waterproof Wireless Speaker with 24W Loud Stereo Sound, Outdoor Speakers with Bluetooth 5.0, 30H Playtime,66ft Bluetooth Range,TWS Pairing for Home",$34.99 ,588,4.6,https://images-na.ssl-images-amazon.com/images/I/81qTTdKhiOL._AC_SX425_.jpg
B07TSMX36P,Speaker,TAMPROAD Portable Bluetooth Speakers with Subwoofer Rich Bass Wireless Outdoor/Indoor Party Speakers MP3 Player Powerful Speaker Support Remote Control FM Radio for Phone Computer PC Home TV,-1,"3,610",4.2,https://images-na.ssl-images-amazon.com/images/I/618ApkYB4kL._AC_SX425_.jpg
B08LPN41F4,Speaker,"Bluetooth Speakers, Portable Wireless Speaker with Lights, Double Subwoofer Heavy Bass, FM Radio, SD Player, Remote, Suitable for Travel, Indoors and Outdoors, 4 Loud Speakers",$39.99 ,244,4.3,https://images-na.ssl-images-amazon.com/images/I/71XpwOsJmUL._AC_SY355_.jpg
B08PL4XKKR,Speaker,"Portable Bluetooth PA Speaker System - 400W Rechargeable Outdoor Bluetooth Speaker Portable PA System w/ 8‚Äù Subwoofer 1‚Äù Tweeter, Recording Function, Mic In, Party Lights USB/SD, Radio - Pyle PPHP842B",$59.99 ,109,4.3,https://images-na.ssl-images-amazon.com/images/I/61vGNkNawVL._AC_SX425_.jpg
B08M9DXY4P,Speaker,"„ÄêUpgrade„Äë Bluetooth Speakers X5 Pro- Portable Wireless Speaker V5.0 with 20W Loud Stereo Sound, TWS, 24H Playtime & IPX7 Waterproof, Suitable for Travel, Indoors and Outdoors,Vanzon",$25.99 ,"3,535",4.7,https://images-na.ssl-images-amazon.com/images/I/71X40iPjUYL._AC_SX425_.jpg
B081RKT3L2,Speaker,"50W(70W Peak) Bluetooth Speakers Built-in 8000mAh Battery Power Bank, W-KING Wireless Outdoor Portable Waterproof TWS, DSP, NFC Speaker, Powerful Rich Bass Loud Stereo Sound (Previous Version)",$79.99 ,19,4.9,https://images-na.ssl-images-amazon.com/images/I/71voB7RtcRL._AC_SX425_.jpg
B073ZNKK7P,Speaker,"Acoustic Audio by Goldwood Bluetooth LED Light Display Speaker Set - Includes Microphone, Remote Control, and Stand - 15 Inch Portable Sound System, 1000W - AA15LBS, Black, 16 x 14 x 27 Inches",$159.88 ,"3,593",4.5,https://images-na.ssl-images-amazon.com/images/I/61B5b20MoPL._AC_SY355_.jpg
B07DMMG7QY,Speaker,"Bluetooth Speakers, DOSS SoundBox Pro Portable Wireless Bluetooth Speaker with 20W Stereo Sound, Active Extra Bass, Wireless Stereo Pairing, Multiple Colors Lights, IPX5, 20 Hrs Battery Life -Black",$39.99 ,"8,686",4.5,https://images-na.ssl-images-amazon.com/images/I/81XjQOJdLwL._AC_SX425_.jpg
B089FMHP7J,Speaker,"Bluetooth Speakers,MusiBaby Speaker,Outdoor Portable,Waterproof,Wireless Speakers,Dual Pairing,Bluetooth 5.0,Loud Stereo Booming Bass,1500 Mins Playtime for Home&Party Blue",$24.24 ,"2,444",4.4,https://images-na.ssl-images-amazon.com/images/I/715D3lw%2BXZL._AC_SX425_.jpg
B000J1FABY,Speaker,"BOSS Audio Systems CH6530 Car Speakers - 300 Watts of Power Per Pair and 150 Watts Each, 6.5 Inch, Full Range, 3 Way, Sold in Pairs",$32.98 ,"8,789",4.3,https://images-na.ssl-images-amazon.com/images/I/71mrhTfL9EL._AC_SX522_.jpg
B08335K1WW,Speaker,"Night Light Bluetooth Speaker, Portable Wireless Bluetooth Speakers, Touch Control Bedside Table Light, Outdoor Speakers Bluetooth, Best Gifts for Girl, Boy, Baby",-1,924,4.2,https://images-na.ssl-images-amazon.com/images/I/61UfclzDgdL._AC_SX425_.jpg
B016P9HJIA,Speaker,Edifier R1280T Powered Bookshelf Speakers - 2.0 Stereo Active Near Field Monitors - Studio Monitor Speaker - Wooden Enclosure - 42 Watts RMS,$99.99 ,"10,751",4.7,https://images-na.ssl-images-amazon.com/images/I/71o5w0ZfptL._AC_SY355_.jpg
B01HETFQKS,Speaker,"Bose SoundLink Color II: Portable Bluetooth, Wireless Speaker with Microphone- Soft Black",$129.00 ,"37,396",4.7,https://images-na.ssl-images-amazon.com/images/I/71Xg3PvaiQL._AC_SY355_.jpg
B08335K1WW,Speaker,"Night Light Bluetooth Speaker, Portable Wireless Bluetooth Speakers, Touch Control Bedside Table Light, Outdoor Speakers Bluetooth, Best Gifts for Girl, Boy, Baby",-1,924,4.2,https://images-na.ssl-images-amazon.com/images/I/61UfclzDgdL._AC_SX425_.jpg
B081RKT3L2,Speaker,"50W(70W Peak) Bluetooth Speakers Built-in 8000mAh Battery Power Bank, W-KING Wireless Outdoor Portable Waterproof TWS, DSP, NFC Speaker, Powerful Rich Bass Loud Stereo Sound (Previous Version)",$79.99 ,19,4.9,https://images-na.ssl-images-amazon.com/images/I/71voB7RtcRL._AC_SX425_.jpg
B07DMMG7QY,Speaker,"Bluetooth Speakers, DOSS SoundBox Pro Portable Wireless Bluetooth Speaker with 20W Stereo Sound, Active Extra Bass, Wireless Stereo Pairing, Multiple Colors Lights, IPX5, 20 Hrs Battery Life -Black",$39.99 ,"8,686",4.5,https://images-na.ssl-images-amazon.com/images/I/81XjQOJdLwL._AC_SX425_.jpg
B01HETFQKS,Speaker,"Bose SoundLink Color II: Portable Bluetooth, Wireless Speaker with Microphone- Soft Black",$129.00 ,"37,396",4.7,https://images-na.ssl-images-amazon.com/images/I/71Xg3PvaiQL._AC_SY355_.jpg
B07T2JDQ3X,Speaker,"BUGANI Bluetooth Speaker, M83Portable Bluetooth Speakers,Bluetooth 5.0,Waterproof, Wireless Speakers,40W Super Power, Suitable for Family Gatherings and Outdoor Travel,Outdoor Bluetooth Speaker",-1,"9,970",4.7,https://images-na.ssl-images-amazon.com/images/I/81XUIB1p8ML._AC_SX425_.jpg
B08Q45Q44C,Speaker,TREBLAB HD77 Blue - Premium Bluetooth Portable Speaker - 360¬∞ HD Surround Sound - Wireless Dual Pairing - 25W of Stereo Sound - DualBass Technology - IPX6 Waterproof Design with up to 20H of Run Time,-1,"4,416",4.6,https://images-na.ssl-images-amazon.com/images/I/91pbDRm7uLL._AC_SY355_.jpg
B07NFPGNWD,Speaker,Ultimate Ears WONDERBOOM 2 - Crushed Ice Grey,$79.50 ,"5,675",4.8,https://images-na.ssl-images-amazon.com/images/I/81gXk4jed5L._AC_SY355_.jpg
B01CQOV3YO,Speaker,"Bluetooth Speakers, DOSS SoundBox Touch Portable Wireless Bluetooth Speakers with 12W HD Sound and Bass, 20H Playtime, Handsfree, Speakers for Home, Outdoor, Travel-Black",$27.99 ,"54,314",4.6,https://images-na.ssl-images-amazon.com/images/I/81WOtKe9T1L._AC_SX425_.jpg
B08Z47VZ7Q,Speaker,"Bluetooth Speaker, SONGLOW PartySync 40W Louder Volume Portable Bluetooth Speakers with Good Bass, 131 Feet Wireless Range, 12-Hour Playtime, IPX7 Waterproof Speaker Built in Microphone",-1,181,4.6,https://images-na.ssl-images-amazon.com/images/I/81EKbnd-RbL._AC_SY355_.jpg
B08THWWDTC,Speaker,"Portable Bluetooth Speaker, IP67 Waterproof Wireless Speaker, Bassboom Technology and 25W Loud Stereo Sound, LED Light Show with 360¬∞ TWS Surround Sound, 16H Playtime for Home and Party",$49.99 ,14,4.8,https://images-na.ssl-images-amazon.com/images/I/81z%2B8wFmOLL._AC_SY355_.jpg
B07PJZRJ8X,Speaker,"LENRUE Bluetooth Speaker, Wireless Portable Speaker with Loud Stereo Sound, Rich Bass, 12-Hour Playtime, Built-in Mic. Perfect for iPhone, Samsung and More",$16.99 ,"2,357",4.4,https://images-na.ssl-images-amazon.com/images/I/71He4Doy04L._AC_SY355_.jpg
B08QVSNWHB,Speaker,"Bluetooth Speaker,BUGANI M83 Speaker,IPX5Waterproof, 50WPortable Outdoor Bluetooth Speakers,Bluetooth 5.0,Support TF Card,AUX, Built-in Mic, Power Bank, Suitable for Party, Camping, (New Model)",$89.99 ,36,4.1,https://images-na.ssl-images-amazon.com/images/I/817UW1OSk1L._AC_SY355_.jpg
B08XLN7XR7,Speaker,"Bluetooth Speakers, Solar Bluetooth Speaker Portable Wireless Waterproof TWS with 5000mAH Battery 12W 50H Playtime Bluetooth 5.0 Speaker for Home Party, Shower, Car, Outdoor, Travel (1 Pack)",$39.99 ,39,4.9,https://images-na.ssl-images-amazon.com/images/I/81fudGGAxcL._AC_SY355_.jpg
B01F24RHF4,Speaker,"JBL Charge 3 Waterproof Portable Bluetooth Speaker (Black), 1",$119.95 ,"32,710",4.8,https://images-na.ssl-images-amazon.com/images/I/61TSAn9KKxL._AC_SX355_.jpg
B0837DX77S,Speaker,"Bluetooth Speaker, Bugani M90 Portable Bluetooth Speaker with 30W Stereo Sound and Deep Bass,Long-Term Playback,Bluetooth 5.0, Support TF Card/AUX, Built-in Mic, for Home.",$50.99 ,"7,297",4.7,https://images-na.ssl-images-amazon.com/images/I/71uWagPNADL._AC_SX425_.jpg
B07P85CDHG,Speaker,Sony SRS-XB12 Mini Bluetooth Speaker Loud Extra Bass Portable Wireless Speaker with Bluetooth -Loud Audio for Phone Calls- Small Waterproof and Dustproof Travel Music Speakers Black SRS-XB12/B,-1,"14,168",4.7,https://images-na.ssl-images-amazon.com/images/I/71dabsS48LL._AC_SY355_.jpg